"region","2017, октябрь - декабрь","2018, ноябрь 2017 - январь","2018, декабрь 2017 - февраль","2018, январь - март","2018, февраль - апрель","2018, март - май","2018, апрель - июнь","2018, май - июль","2018, июнь - авуст","2018, июль - сентябрь","2018, авуст - октябрь","2018, сентябрь - ноябрь","2018, октябрь - декабрь","2019, ноябрь 2018 - январь","2019, декабрь 2018 - февраль","2019, январь - март","2019, февраль - апрель","2019, март - май","2019, апрель - июнь","2019, май - июль","2019, июнь - авуст","2019, июль - сентябрь","2019, авуст - октябрь","2019, сентябрь - ноябрь","2019, октябрь - декабрь","2020, ноябрь 2019 - январь","2020, декабрь 2019 - февраль","2020, январь - март","2020, январь - апрель","2020, январь - май","2020, апрель - июнь","2020, май - июль","2020, июнь - авуст","2020, июль - сентябрь","2020, сентябрь - ноябрь","2020, октябрь - декабрь","2021, ноябрь 2020 - январь","2021, декабрь 2020 - февраль","2021, январь - март","2021, февраль - апрель","2021, март - май","2021, апрель - июнь","2021, май - июль","2021, июнь - авуст","2021, июль - сентябрь","2021, авуст - октябрь","2021, сентябрь - ноябрь","2021, октябрь - декабрь","2022, ноябрь 2021 - январь","2022, декабрь 2021 - февраль","2022, февраль - апрель","2022, март - май","2022, апрель - июнь","2022, май - июль","2022, июнь - авуст","2022, июль - сентябрь","2022, авуст - октябрь","2022, сентябрь - ноябрь","2022, октябрь - декабрь","2023, ноябрь 2022 - январь","2023, декабрь 2022 - февраль","2023, февраль - апрель","2023, март - май","2023, апрель - июнь","2023, май - июль","2023, июнь - авуст","2023, июль - сентябрь","2023, авуст - октябрь","2023, сентябрь - ноябрь","2023, октябрь - декабрь","2024, ноябрь 2023 - январь","2024, декабрь 2023 - февраль","2024, январь - март","2024, февраль - апрель","2024, март - май"
"Республика Адыгея","8.65","8.706","8.787","8.869","8.901","8.87","8.779","8.66","8.641","8.622","8.567","8.356","8.163","8.108","8.167","8.281","8.305","8.274","8.192","8.189","8.177","8.15","8.099","8.114","8.169","8.194","8.253","8.267","8.429","8.559","8.723","8.675","8.579","8.446","8.354","8.399","8.461","8.503","8.516","8.486","8.405","8.325","8.266","8.189","8.134","8.121","8.177","8.251","8.454","7.994","7.854","8.721","8.149","8.464","7.788","7.936","6.581","5.463","4.093","4.11","4.18","4.695","4.545","3.903","3.588","3.577","3.604","3.66","3.71","3.674","3.519","3.365","3.206","3.091","2.896"
"Республика Алтай","10.884","10.88","11.331","11.646","11.063","9.896","9.658","9.921","10.222","11.154","11.214","11.995","12.489","12.578","11.755","10.634","10.668","10.59","10.265","9.737","9.974","10.369","10.925","12.719","12.823","12.855","11.689","11.879","12.38","12.556","12.287","12.777","13.575","15.035","16.315","16.476","16.086","15.659","15.306","14.692","13.208","11.939","10.988","10.743","10.43","10.419","10.102","10.16","9.28","8.803","10.518","12.115","10.979","10.028","9.42","8.679","9.183","10.157","10.353","10.018","8.16","8.916","9.158","9.104","8.722","8.705","8.934","10.925","9.703","8.492","7.384","7.646","8.068","7.596","8.45"
"Алтайский край","6.578","6.508","6.607","6.462","6.552","6.168","6.02","5.597","5.679","5.617","5.507","5.46","6.259","7.129","8.008","7.373","6.703","5.798","5.557","5.161","5","5.023","5.173","5.323","5.369","5.497","5.118","5.238","5.363","5.869","5.975","5.963","6.033","6.047","6.247","6.32","6.514","6.635","6.634","6.431","6.015","5.676","5.227","4.977","4.802","4.827","4.774","4.774","4.51","4.414","4.035","3.652","3.613","3.705","3.778","3.638","3.52","3.479","3.417","3.576","3.684","3.481","3.245","3.357","3.279","3.359","3.323","3.335","3.391","3.393","3.504","3.581","3.566","3.532","3.482"
"Амурская область","5.977","5.955","5.727","5.954","6.356","6.437","5.743","5.174","4.623","4.879","5.071","5.616","5.696","5.686","5.844","5.247","5.567","5.352","5.666","5.264","5.376","5.341","5.34","5.326","5.226","5.158","4.773","5.081","5.447","6.022","6.237","6.324","6.278","6.363","6.376","6.195","5.954","5.757","5.596","5.475","5.356","5.255","5.193","5.215","5.233","5.071","4.855","4.556","4.582","4.621","4.322","4.21","4.303","4.343","4.234","4.321","4.209","3.945","3.523","3.339","3.298","2.966","2.819","2.493","2.201","2.093","2.226","2.147","2.019","1.913","1.689","1.519","1.314","1.276","1.494"
"Архангельская область","6.737","6.97","6.944","6.683","6.428","6.277","6.233","6.215","6.274","6.361","6.422","6.466","6.387","6.27","6.22","6.325","6.41","6.395","6.353","6.264","6.207","6.226","6.219","6.258","6.212","6.245","6.185","6.226","6.577","7.236","7.886","8.152","8.155","8.035","7.709","7.514","7.285","7.184","7.065","7.069","6.793","6.583","6.307","6.256","6.282","6.346","6.356","6.387","6.28","5.896","5.458","5.631","5.638","5.566","5.648","5.547","5.665","5.643","5.679","5.637","5.576","5.554","5.608","5.695","5.65","5.62","5.462","5.568","5.51","5.166","5.02","4.683","4.251","3.336","2.217"
"Архангельская область без авт. округа","6.702","6.932","6.901","6.615","6.362","6.205","6.164","6.137","6.196","6.284","6.357","6.402","6.326","6.207","6.155","6.264","6.344","6.322","6.286","6.204","6.153","6.155","6.141","6.182","6.14","6.173","6.104","6.145","6.487","7.156","7.819","8.104","8.111","7.993","7.668","7.473","7.244","7.15","7.031","7.031","6.754","6.55","6.289","6.245","6.277","6.341","6.359","6.386","6.234","5.821","5.333","5.514","5.53","5.509","5.56","5.458","5.613","5.609","5.644","5.58","5.528","5.498","5.572","5.67","5.622","5.58","5.417","5.54","5.486","5.136","4.97","4.627","4.164","3.235","2.053"
"Астраханская область","7.134","7.4","7.665","7.817","7.681","7.476","7.371","7.26","7.276","7.292","7.429","7.515","7.687","7.945","8.145","8.213","8.1","7.894","7.732","7.555","7.482","7.323","7.178","7.087","7.176","7.299","7.373","7.29","7.41","7.649","7.911","7.921","7.811","7.854","8.208","8.306","8.313","8.3","8.165","8.044","7.86","7.83","7.783","7.722","7.574","7.424","7.341","7.327","7.341","7.303","7.181","7.148","6.997","7.155","7.154","7.22","7.199","7.124","6.686","6.097","5.715","5.393","5.069","4.776","4.458","4.109","3.746","3.549","3.417","3.303","3.175","3.086","3.068","3.045","2.971"
"Республика Башкортостан","5.537","5.521","5.334","5.402","5.406","5.404","4.777","4.615","4.515","4.87","4.834","4.919","4.63","4.518","4.565","4.559","4.686","4.426","4.503","4.352","4.183","4.193","4.147","4.27","4.439","4.712","4.927","4.654","4.994","5.452","6.235","6.261","6.332","6.556","6.439","6.035","5.609","5.209","4.981","4.895","4.786","4.567","4.294","4.159","4.005","3.979","3.779","3.846","3.812","3.747","3.87","4.096","4.097","3.573","3.296","3.095","3","2.825","2.833","2.658","2.583","2.324","2.281","2.335","2.437","2.328","2.201","2.181","2.191","2.304","2.251","2.311","2.217","1.98","1.697"
"Белгородская область","3.865","3.934","3.991","4.03","4.018","3.985","3.951","3.923","3.911","3.903","3.895","3.909","3.925","3.971","4.009","4.049","4.041","3.995","3.904","3.832","3.78","3.742","3.729","3.739","3.798","3.86","3.91","3.938","4.178","4.64","5.133","5.399","5.448","5.427","5.228","4.999","4.851","4.761","4.801","4.744","4.621","4.375","4.14","3.953","3.874","3.818","3.759","3.616","3.615","3.693","3.849","3.796","3.807","3.664","3.684","3.631","3.638","3.555","3.632","3.67","3.707","3.606","3.582","3.559","3.603","3.552","3.543","3.517","3.463","3.391","3.299","3.354","3.284","3.232","3.428"
"Брянская область","4.123","4.402","4.802","4.657","4.523","3.948","3.995","3.807","4.009","3.867","3.493","3.432","3.237","3.846","3.807","3.998","3.754","3.68","3.824","3.909","4.199","3.886","3.504","3.347","3.424","3.397","3.297","3.288","3.535","3.829","4.218","4.58","4.54","4.434","4.12","4.04","3.86","3.761","3.76","3.776","3.765","3.622","3.476","3.312","3.142","3.089","3.096","3.177","3.358","3.448","3.385","3.453","3.529","3.347","3.033","3.026","3.04","3.033","2.914","2.6","2.622","2.947","2.78","2.637","2.622","2.744","2.642","2.534","2.475","2.38","2.346","2.213","2.241","2.299","2.403"
"Республика Бурятия","9.734","9.531","9.35","9.305","9.531","9.259","9.417","9.191","8.915","8.888","8.714","8.946","9.522","9.542","9.937","9.673","9.659","9.39","9.088","8.97","8.796","8.878","8.948","9.118","9.236","9.405","9.792","9.96","10.442","10.728","10.876","10.724","10.535","10.552","10.592","10.749","10.794","10.76","10.6","10.412","9.998","9.77","9.606","9.395","8.904","8.671","8.724","8.898","9.069","8.852","7.79","7.721","7.985","8.293","7.206","7.351","6.36","6.315","6.229","6.193","7.173","6.929","6.656","6.324","5.499","4.828","4.458","4.802","5.117","5.222","5.397","5.354","5.136","4.865","5.356"
"Владимирская область","5.055","4.495","4.199","4.625","5.114","5.079","5.054","4.739","4.571","4.143","4.407","5.094","4.977","4.39","3.916","4.481","4.318","4.369","3.813","3.72","3.62","3.418","3.79","4.261","4.437","4.303","3.723","3.673","4.033","5.17","6.339","7.101","6.89","6.554","6.366","5.748","4.953","4.833","5.174","5.085","4.442","3.904","3.784","3.608","3.301","3.06","2.956","3.227","3.369","3.105","2.629","2.92","2.978","2.794","2.617","2.369","2.286","2.261","2.222","2.143","2.371","2.495","2.041","1.925","1.815","1.652","1.619","1.741","1.893","1.967","1.907","1.941","1.902","1.902","1.868"
"Волгоградская область","5.754","5.816","5.851","5.693","5.723","5.741","5.425","5.275","5.165","5.492","5.51","5.596","5.672","5.804","5.873","5.814","5.709","5.596","5.393","5.221","4.89","4.749","4.835","5.135","5.42","5.63","5.703","5.798","6.244","7.012","8.074","8.751","9.102","9.143","8.261","7.266","6.349","5.729","5.512","5.406","5.342","5.245","5.174","4.984","4.708","4.417","4.28","4.298","4.444","4.501","4.13","3.722","3.354","3.112","3.043","3.008","3.068","3.142","3.242","3.248","3.212","3.013","2.926","2.88","2.832","2.773","2.744","2.731","2.739","2.73","2.727","2.706","2.663","2.573","2.513"
"Вологодская область","6.835","6.716","6.62","6.102","5.463","5.194","5.021","4.993","4.468","3.99","4.715","5.02","5.162","5.416","6.351","6.075","5.267","3.593","3.79","3.606","3.891","3.657","4.044","4.187","4.453","4.533","4.325","4.129","3.851","5.237","6.453","7.379","7.296","7.461","7.174","6.48","5.957","5.498","5.309","5.299","5.178","5.027","4.849","4.618","4.384","4.087","3.881","3.923","3.717","3.471","3.132","3.174","3.654","3.41","3.845","3.75","3.933","3.53","3.299","3.189","3.22","3.127","2.909","3.192","3.305","3.825","3.432","3.114","2.625","2.892","3.071","3.112","2.95","2.743","3.056"
"Воронежская область","4.259","4.174","4.037","3.974","3.709","3.619","3.467","3.488","3.374","3.211","3.093","3.397","3.986","4.387","4.249","3.796","3.465","3.336","3.311","3.132","2.996","2.907","3.423","3.782","4.188","4.067","4.002","3.702","3.896","4.139","4.56","4.56","4.507","4.439","4.586","4.568","4.529","4.413","4.327","4.089","3.866","3.667","3.506","3.435","3.449","3.606","3.755","3.885","3.825","4.001","3.782","3.477","3.377","3.113","3.232","3.334","3.386","3.368","3.219","3.505","3.513","3.664","3.52","3.259","3.321","3.225","3.163","2.935","2.932","2.893","2.89","2.747","2.85","2.837","2.95"
"Республика Дагестан","12.142","12.281","12.202","12.099","11.825","11.52","11.047","10.836","10.713","10.651","10.714","11.503","12.739","13.771","14.205","14.2","14.173","13.782","13.124","12.242","11.688","11.699","11.995","12.568","13.037","13.539","13.977","13.939","15.168","16.232","17.435","16.927","16.161","15.713","15.659","15.928","16.284","16.462","16.492","16.396","16.155","15.918","15.517","15.017","14.523","14.111","13.797","13.573","14.874","14.628","11.973","11.949","11.666","11.737","11.323","11.169","11.681","11.41","11.63","12.005","12.287","12.446","11.637","11.281","10.824","10.617","11.1","11.173","12.535","12.517","12.808","12.495","11.931","11.299","11.486"
"Дальневосточный федеральный округ","5.615","5.461","5.465","5.629","5.628","5.275","5.086","5.011","4.958","4.746","5.338","6.348","6.516","6.017","6.194","6.14","6.148","5.976","6","6.09","5.804","5.723","5.879","6.147","6.291","6.051","6.077","6.037","6.257","6.519","6.766","6.763","6.601","6.559","6.581","6.605","6.474","6.404","6.169","6.048","5.717","5.625","5.598","5.571","5.464","5.403","5.452","5.455","5.594","5.582","5.139","4.908","4.892","4.988","4.88","4.749","4.531","4.462","4.24","4.1","4.114","3.896","3.761","3.708","3.614","3.524","3.498","3.533","3.567","3.624","3.711","3.6","3.316","3.063","3.027"
"Еврейская авт. область","6.859","6.595","6.686","9.179","8.056","7.891","7.252","7.054","7.249","5.513","6.921","6.405","6.157","6.249","6.453","8.201","6.845","6.431","4.344","5.24","5.542","6.07","5.531","5.888","6.165","6.295","5.733","6.885","7.367","8.16","7.468","6.475","5.47","5.415","5.539","5.446","5.495","5.696","6.426","6.183","5.885","5.732","5.397","5.144","4.746","5.132","5.888","5.779","4.939","5.266","6.139","4.982","4.789","4.167","4.016","5.432","5.485","5.456","5.453","5.255","5.297","3.886","3.754","3.243","3.031","2.866","3.043","3.498","4.338","4.564","4.653","4.014","3.699","3.279","2.972"
"Забайкальский край","10.569","10.505","10.443","10.467","10.431","10.392","10.328","10.26","10.196","10.163","10.086","10.083","10.037","9.989","9.837","9.635","9.464","9.342","9.264","9.18","9.125","9.085","9.1","9.114","9.104","9.189","9.218","9.312","9.544","9.853","10.021","9.879","9.639","9.837","10.269","10.146","10.099","9.995","9.875","9.678","9.522","9.368","9.25","9.121","9.021","8.992","8.997","9.062","9.327","9.49","9.615","9.418","9.129","8.807","8.584","8.263","8.037","7.845","7.798","7.518","7.263","6.787","6.654","7.02","7.368","7.471","7.17","6.904","6.688","6.532","6.763","6.872","6.532","5.678","4.778"
"Ивановская область","4.223","4.416","5.197","4.916","4.74","4.245","4.164","4.044","4.051","3.908","4.267","4.089","3.897","3.311","3.53","3.736","4.147","3.931","3.82","3.741","3.905","3.963","3.845","3.644","3.572","3.514","3.572","3.753","4.596","5.388","5.935","5.949","6.106","6.101","5.871","5.887","5.946","5.748","5.366","5.078","4.836","4.639","4.353","4.382","4.466","4.266","4.001","3.562","3.303","3.018","3.308","3.219","3.043","3.131","3.2","3.169","3.228","3.175","3.146","3.099","3.18","3.107","3.189","3.257","3.262","3.171","3.071","2.966","2.959","2.997","2.961","2.839","2.707","2.516","2.279"
"Республика Ингушетия","26.531","26.491","26.382","26.437","26.792","26.927","26.94","26.829","26.506","26.334","26.583","26.679","26.819","26.645","26.791","26.767","26.688","26.753","26.617","26.538","26.434","26.815","27.093","27.125","26.841","26.675","26.656","26.801","27.633","29.001","30.221","30.648","30.776","31.298","31.249","31.596","32.063","32.612","32.629","32.48","31.923","31.236","30.936","30.586","30.509","30.426","30.423","30.012","29.681","29.683","29.157","28.949","28.793","28.354","28.035","28.011","27.906","27.933","28.676","29.622","30.26","28.44","27.637","27.362","27.331","27.092","27.137","27.132","27.229","27.469","27.429","27.455","27.282","27.002","26.769"
"Иркутская область","8.96","7.627","6.765","7.074","6.739","6.892","6.881","7.661","8.488","8.254","8.452","8.139","8.055","7.654","7.08","7.302","7.054","6.631","5.802","5.853","5.879","6.64","6.273","7.039","6.655","6.988","6.276","6.92","7.471","8.229","8.255","7.94","7.918","7.52","8.107","8.149","7.866","7.118","6.894","6.725","6.337","6.124","5.965","6.229","5.944","5.705","5.24","5.057","4.884","4.991","5.598","5.478","5.074","5.008","5.213","5.039","4.897","4.655","4.554","4.438","4.214","3.909","3.561","3.232","3.328","3.558","3.629","3.596","3.556","3.586","3.822","3.586","3.401","3.286","3.29"
"Кабардино-Балкарская Республика","10.879","11.543","11.552","11.505","10.892","10.623","10.105","9.787","9.41","9.55","9.711","10.378","10.845","11.505","11.712","11.804","11.47","10.993","10.602","10.076","9.769","9.601","10.021","10.637","11.117","11.253","11.2","11.575","13.277","15.002","16.037","15.799","15.441","15.198","15.653","16.168","16.302","15.972","15.155","14.399","13.349","12.307","11.016","10.319","9.858","9.606","9.62","9.635","10.446","11.012","10.101","9.179","9.453","9.441","9.638","9.448","9.797","9.902","9.825","9.837","9.881","9.349","9.171","9.159","9.097","9.017","8.992","8.836","8.828","8.791","8.786","8.76","8.58","8.405","7.98"
"Калининградская область","4.925","4.916","4.936","5","5.049","4.948","4.747","4.571","4.462","4.472","4.524","4.485","4.566","4.627","4.778","4.884","4.927","4.871","4.718","4.44","4.234","4.105","4.114","4.115","4.079","4.112","4.204","4.327","4.515","4.834","5.254","5.815","6.503","7.13","7.361","6.919","6.491","6.003","5.728","5.404","5.239","5.088","4.952","4.857","4.769","4.7","4.625","4.501","3.717","3.344","3.502","3.451","3.177","3.118","3.027","2.826","3.002","3.268","3.184","3.148","3.053","3.133","3.04","3.003","3.005","2.991","2.986","2.984","2.935","2.913","2.881","2.877","2.824","2.75","2.661"
"Республика Калмыкия","10.187","10.985","11.889","10.667","9.405","9.578","10.735","10.565","9.627","9.692","8.845","8.166","7.789","9.917","9.575","8.474","8.269","9.376","9.829","9.03","9.361","9.491","9.34","9.102","9.137","8.591","8.713","8.718","9.545","9.868","10.12","10.029","10.24","10.334","9.335","9.088","9.088","9.267","8.878","8.972","9.001","9.387","9.289","9.166","8.928","8.821","8.827","8.742","8.597","8.456","8.402","8.353","8.242","7.992","7.853","7.82","7.89","8.061","7.982","7.629","7.213","6.979","6.906","6.762","6.663","6.63","6.504","6.318","6.063","5.871","5.741","5.536","5.479","5.383","5.402"
"Калужская область","3.771","3.754","3.721","3.964","4.056","3.966","3.722","3.605","4.018","4.188","4.259","3.844","3.746","3.543","3.501","3.388","3.599","3.773","3.801","3.76","3.687","3.817","3.823","3.88","3.781","3.854","3.799","3.826","3.941","4.314","4.721","5.09","5.224","5.234","5.134","5.077","4.874","4.713","4.562","4.412","4.18","3.981","3.899","3.889","3.829","3.757","3.664","3.606","3.753","3.772","4.28","4.561","4.306","4.241","4.114","3.784","3.532","3.303","3.352","3.244","3.3","2.83","2.628","2.547","2.394","2.052","2.088","2.182","2.082","1.908","1.741","1.733","1.74","1.603","1.788"
"Камчатский край","4.668","5.939","6.032","5.519","5.129","4.834","4.93","4.272","4.518","4.341","3.532","4.145","4.816","5.347","4.854","3.792","3.831","3.556","4.067","3.932","3.587","3.345","3.29","3.705","3.895","4.058","3.935","3.587","3.622","3.821","4.008","3.852","3.632","3.576","3.676","4.065","4.315","4.283","3.881","3.514","3.314","3.215","3.188","3.301","3.414","3.432","3.456","3.405","4.001","4.36","3.496","3.337","3.235","3.073","2.777","2.538","2.214","1.855","1.854","1.843","1.862","2.184","2.039","1.696","1.781","1.705","1.549","1.82","2.162","2.676","2.599","2.571","2.177","2.201","2.255"
"Карачаево-Черкесская Республика","13.514","12.855","13.545","12.49","12.773","12.003","11.447","11.468","12.06","11.271","10.519","10.911","13.29","16.214","16.44","14.419","12.689","12.23","11.844","10.361","9.607","10.084","10.156","10.396","10.719","11.418","13.758","13.147","14.805","14.341","16.373","15.401","14.91","14.717","14.725","14.963","15.342","14.764","14.265","13.137","13.486","13.905","13.705","12.853","11.465","10.382","9.835","10.097","11.48","12.17","9.552","8.124","7.116","6.924","8.887","10.621","10.867","8.362","10.272","11.411","12.091","6.256","6.313","7.214","7.173","6.938","6.172","4.957","5.037","8.454","10.364","9.865","7.56","7.049","7.495"
"Республика Карелия","9.277","10.197","9.804","9.622","9.403","8.487","8.542","8.027","8.417","8.113","8.311","8.234","8.479","8.24","7.894","7.387","7.777","7.782","7.659","6.965","6.956","7.569","7.718","7.771","7.076","7.413","7.293","7.369","7.799","8.521","9.413","9.406","9.294","9.167","9.187","8.832","8.495","8.084","7.857","7.615","7.144","6.742","6.327","6.159","5.927","5.841","5.869","5.973","6.513","6.066","5.942","5.971","5.799","5.653","5.468","5.458","5.534","5.875","5.753","5.622","5.856","5.589","5.411","5.299","5.186","5.311","5.126","5.322","5.194","5.197","5.047","4.839","4.722","4.459","4.241"
"Кемеровская область","6.473","5.954","6.066","6.107","6.422","6.371","6.61","6.357","6.129","5.806","5.872","5.869","6.073","6.183","6.481","6.268","5.958","5.664","5.602","5.557","5.356","5.161","4.965","4.959","4.941","5.012","5.095","5.401","5.804","6.22","6.622","7.037","7.492","8.026","7.521","6.756","6.397","6.357","6.196","6.009","5.729","5.598","5.512","5.457","5.312","5.082","4.772","4.637","4.47","4.193","3.674","3.884","4.086","4.251","4.207","4.263","4.375","4.356","4.328","4.206","4.136","3.825","3.796","3.809","3.756","3.648","3.302","2.907","2.705","2.619","2.707","2.618","2.66","2.657","2.685"
"Кировская область","5.301","5.267","5.314","5.278","5.341","5.346","5.269","5.111","4.978","5.044","5.02","4.985","4.932","4.97","5.045","5.042","5.011","5.031","5.008","4.935","4.777","4.657","4.608","4.57","4.43","4.437","4.449","4.607","5.18","5.689","6.124","5.855","5.571","5.417","5.45","5.417","5.498","5.55","5.611","5.49","5.383","5.171","4.99","4.752","4.63","4.465","4.364","4.268","4.186","4.159","3.744","3.546","3.611","3.56","3.846","3.757","3.843","3.682","3.767","3.962","3.983","3.541","3.428","3.446","3.354","3.138","2.986","2.922","2.762","2.485","2.341","2.251","2.234","2.145","2.192"
"Республика Коми","7.764","7.781","7.689","8.003","7.497","6.736","6.482","7.872","7.844","7.702","7.058","7.476","7.009","6.744","6.054","6.49","5.589","6.803","7.29","7.731","6.055","5.728","6.628","7.542","7.658","7.811","7.988","7.188","7.152","7.187","8.341","8.109","8.039","7.962","7.547","7.516","7.33","7.232","6.892","6.669","6.235","6.937","6.841","7.67","6.659","7.183","7.132","7.454","7.283","7.036","7.239","7.116","7.057","6.979","6.786","5.853","5.857","5.829","6.48","6.538","6.652","5.889","4.602","3.36","3.622","3.998","4.668","4.521","4.35","3.989","4.391","4.981","4.87","4.103","3.588"
"Костромская область","5.355","5.442","5.454","5.078","4.953","4.628","4.522","4.201","4.229","4.364","4.375","4.445","4.106","4.222","3.943","3.875","3.76","3.948","4.319","4.396","4.323","4.135","4.1","4.09","3.941","3.871","3.904","4.185","4.554","5.062","5.993","6.472","6.597","6.192","5.792","5.687","5.627","5.509","5.5","5.228","4.949","4.275","3.983","3.803","3.845","3.738","3.829","3.891","3.698","3.591","3.702","3.511","3.338","3.306","3.344","3.306","3.298","3.251","3.246","3.284","3.401","3.145","2.922","3.193","3.007","2.992","2.914","2.955","3.001","3.01","3.186","2.783","2.357","2.301","2.427"
"Краснодарский край","5.633","5.656","5.657","5.612","5.546","5.391","5.263","5.097","4.967","4.872","4.824","4.866","4.91","4.968","4.987","4.968","4.899","4.835","4.806","4.762","4.731","4.737","4.789","4.759","4.794","4.785","4.878","4.829","5.371","5.872","6.353","6.22","6.046","5.889","5.732","5.678","5.646","5.628","5.563","5.463","5.334","5.205","5.071","4.946","4.787","4.658","4.563","4.589","4.248","4.036","3.87","3.787","3.815","3.807","3.53","3.428","3.27","3.224","3.247","2.741","2.533","2.216","2.201","1.735","1.567","1.495","1.811","1.979","2.092","2.082","2.059","2.047","2.058","2.089","2.064"
"Красноярский край","6.1","5.583","5.292","4.858","4.698","4.511","4.326","4.618","4.848","5.251","5.137","5.023","5.19","5.023","4.958","4.664","4.527","4.463","4.241","4.2","4.211","4.401","4.516","4.629","4.699","4.21","3.637","3.588","4.787","6.238","6.99","7.702","8.256","7.868","5.835","5.737","4.981","4.685","4.24","4.09","3.832","3.643","3.597","3.23","3.131","3.333","3.403","3.209","2.862","2.975","3","2.674","2.859","2.665","2.602","2.371","2.648","2.595","2.592","2.594","2.627","2.266","2.275","2.136","2.117","1.98","1.648","1.64","1.463","1.679","1.523","1.645","1.29","1.29","1.368"
"Республика Крым","6.453","6.806","6.961","6.872","6.525","6.243","5.894","5.713","5.315","5.35","5.492","5.825","5.748","5.922","6.015","6.157","6.035","5.832","5.592","5.19","4.959","5.064","5.271","5.529","5.615","5.681","5.776","5.767","6.142","6.457","6.835","6.692","6.495","6.287","6.313","6.426","6.357","6.225","6.098","6.057","6.007","5.885","5.649","5.303","5.187","5.327","5.662","5.862","6.268","6.326","6.32","6.122","5.492","5.037","4.347","3.933","3.902","4.064","4.137","4.049","4.097","3.949","3.937","3.859","3.582","3.334","3.329","3.242","3.285","3.335","3.484","3.585","3.445","3.348","2.991"
"Курганская область","8.892","9.563","8.366","8.884","7.908","8.59","7.605","7.515","7.26","7.272","7.007","7.779","8.133","9.415","8.278","8.317","7.853","8.231","7.731","7.396","7.229","7.406","6.967","7.558","7.707","8.759","8.05","8.034","7.917","8.184","8.381","8.318","8.4","8.28","8.214","8.317","8.393","8.197","7.975","7.75","7.695","7.784","7.595","7.551","7.579","7.532","7.445","7.313","7.123","7.258","7.156","6.501","6.535","6.471","6.569","6.409","6.254","6.175","5.762","5.699","5.413","5.123","5.042","4.897","4.704","4.644","4.548","4.327","4.189","4.035","3.816","3.62","3.422","3.391","3.204"
"Курская область","4.058","4.15","4.284","4.291","4.219","4.039","3.912","3.828","3.808","3.786","3.836","3.95","4.083","4.165","4.265","4.306","4.313","4.168","4.007","3.829","3.724","3.677","3.712","3.733","3.845","3.951","4.134","4.234","4.677","5.214","5.753","5.643","5.177","4.745","4.692","4.756","4.817","4.831","4.749","4.594","4.387","4.18","3.948","3.724","3.565","3.491","3.497","3.532","3.434","3.313","3.211","3.242","3.332","3.124","2.996","3.142","3.04","2.908","2.3","2.38","2.513","2.586","2.469","2.491","2.453","2.356","2.319","2.316","2.259","2.135","2.023","1.957","1.962","1.982","1.984"
"Ленинградская область","4.704","4.529","4.32","4.116","4.253","4.256","4.334","4.224","4.12","3.947","3.935","3.966","4.014","3.889","3.819","3.771","3.792","3.883","3.924","3.917","4.001","4.12","4.146","3.876","3.657","3.52","3.624","3.68","3.941","4.454","5.085","5.745","6.173","6.468","6.313","5.963","5.451","4.868","4.252","3.835","3.599","3.717","3.78","3.826","3.63","3.484","3.315","3.203","2.93","2.569","2.721","3.253","2.954","3.316","3.537","4.363","4.123","3.759","3.303","3.279","3.213","2.887","2.767","2.621","2.589","2.595","2.673","2.709","2.74","2.76","2.754","2.746","2.765","2.767","2.764"
"Липецкая область","3.774","3.971","4.083","4.136","3.965","3.848","3.695","3.625","3.587","3.593","3.674","3.757","3.847","3.914","3.937","3.947","3.894","3.797","3.749","3.685","3.651","3.613","3.668","3.663","3.655","3.659","3.766","3.903","4.132","4.337","4.464","4.391","4.33","4.319","4.454","4.62","4.805","4.971","4.991","4.862","4.594","4.317","4.069","3.854","3.732","3.778","3.844","3.891","3.987","4.112","3.766","3.584","3.562","3.596","3.381","3.214","3.269","3.532","3.783","3.932","3.851","3.279","3.02","2.805","2.664","2.578","2.535","2.583","2.628","2.675","2.539","2.477","2.372","2.303","2.127"
"Магаданская область","5.413","5.479","5.487","5.691","5.576","5.319","4.905","4.426","4.746","4.882","5.263","4.739","4.826","4.599","4.543","4.296","4.39","4.917","4.91","4.844","4.578","4.806","4.483","4.56","4.453","4.7","5.032","5.212","5.272","5.23","5.445","5.803","5.889","5.856","5.894","6.149","6.276","6.303","6.005","5.629","5.298","4.945","4.821","4.545","4.422","4.229","4.176","4.213","3.434","3.919","4.808","4.012","4.619","4.719","4.768","4.178","4.028","3.844","3.517","3.398","3.536","3.497","3.5","3.322","3.35","3.338","3.359","3.36","3.308","3.333","3.337","3.057","3.213","3.205","2.773"
"Республика Марий Эл","4.652","6.668","7.083","7.042","4.973","4.641","3.956","3.747","3.398","3.528","3.352","3.316","5.654","6.328","7.422","5.049","5.056","4.319","4.227","3.887","4.469","5.085","5.162","4.186","4.133","4.134","5.493","5.669","6.622","6.575","7.364","7.49","7.383","7.099","7.058","6.917","6.751","6.509","6.48","6.214","5.914","5.62","5.341","5.116","4.88","4.685","4.548","4.392","4.488","4.81","3.646","2.977","3.043","3.556","3.391","3.337","3.319","3.478","3.413","3.782","3.842","3.508","3.595","3.469","3.339","3.127","3.143","3.278","3.129","3.014","2.824","2.849","2.703","2.55","2.411"
"Республика Мордовия","4.164","4.241","4.343","4.472","4.564","4.5","4.173","3.937","3.767","3.845","3.943","4.107","4.37","4.497","4.633","4.648","4.633","4.452","4.139","3.881","3.799","3.837","3.948","4.056","4.265","4.694","4.795","5.105","5.159","5.527","5.71","5.557","5.385","4.941","5.238","5.685","5.745","5.582","5.464","5.273","4.621","4.069","3.569","3.48","3.279","3.485","3.783","4.051","4.068","3.911","3.197","3.215","3.417","3.699","3.966","4.072","3.916","3.51","3.249","3.134","3.064","2.962","2.726","2.515","2.323","2.326","2.35","2.393","2.39","2.344","2.206","2.128","2.08","2.086","2.066"
"г. Москва","1.278","1.301","1.305","1.301","1.276","1.257","1.227","1.208","1.19","1.209","1.216","1.243","1.237","1.248","1.237","1.239","1.247","1.31","1.304","1.309","1.291","1.39","1.492","1.542","1.52","1.537","1.543","1.559","1.683","1.842","1.997","2.275","2.714","3.329","3.806","3.603","3.386","3.179","3.084","2.966","2.846","2.754","2.646","2.534","2.429","2.347","2.276","2.256","2.205","2.17","2.158","2.186","2.204","2.225","2.255","2.262","2.252","2.234","2.21","2.147","2.08","1.994","1.958","1.891","1.795","1.73","1.693","1.696","1.665","1.652","1.488","1.312","1.105","1.053","1.027"
"Московская область","2.88","2.915","2.925","2.896","2.786","2.68","2.615","2.609","2.573","2.59","2.55","2.564","2.559","2.629","2.691","2.76","2.775","2.764","2.766","2.775","2.779","2.736","2.682","2.658","2.65","2.612","2.593","2.572","2.982","3.39","3.786","3.791","3.865","3.971","4.14","4.121","4.049","3.955","3.876","3.748","3.61","3.468","3.326","3.238","3.131","3.09","3.018","2.977","2.923","2.941","3.077","3.105","3.153","3.177","3.222","3.216","3.21","3.19","3.161","3.064","2.978","2.854","2.78","2.694","2.605","2.536","2.504","2.494","2.493","2.459","2.255","2.05","1.868","1.853","1.871"
"Мурманская область","6.562","7.782","7.06","6.091","6.545","6.657","6.775","6.575","7.706","6.531","6.618","6.712","8.026","7.536","8.09","6.999","6.836","4.523","4.747","4.051","4.659","4.511","4.47","4.85","5.566","6.175","6.667","6.62","6.78","7.089","8.135","8.705","8.767","8.401","7.916","7.67","7.768","7.639","7.438","7.039","6.439","6.182","5.839","5.496","5.155","4.934","4.852","4.541","4.662","4.713","5.108","5.379","5.2","4.793","4.578","4.477","4.401","4.456","4.489","4.328","4.077","4.506","4.224","3.659","3.093","2.887","2.829","2.853","2.737","2.627","2.605","2.547","2.56","2.625","2.832"
"Ненецкий авт. округ","7.63","7.884","8.006","8.386","8.054","8.047","7.887","8.129","8.147","8.279","8.032","8.1","7.964","7.875","7.792","7.766","8.044","8.185","7.894","7.591","7.411","7.823","8.043","8.085","7.98","7.997","8.139","8.144","8.69","9.114","9.486","9.295","9.193","9.043","8.71","8.476","8.235","7.983","7.868","7.936","7.69","7.321","6.714","6.518","6.404","6.463","6.3","6.423","7.299","7.571","8.151","8.102","7.919","6.785","7.535","7.472","6.812","6.381","6.427","6.811","6.571","6.667","6.321","6.188","6.216","6.409","6.355","6.116","5.973","5.76","6.008","5.804","5.954","5.34","5.367"
"Нижегородская область","4.215","4.217","4.225","4.252","4.207","4.198","4.148","4.129","4.069","4.04","4.055","4.102","4.161","4.207","4.211","4.156","4.114","4.067","4.035","4.012","4.009","4.019","4.056","4.082","4.1","4.084","4.126","4.163","4.321","4.482","4.679","4.777","4.797","4.821","4.811","4.783","4.769","4.747","4.728","4.703","4.636","4.49","4.268","3.983","3.815","3.766","3.814","3.82","3.681","3.879","4.349","4.255","4.194","4.15","4.194","4.236","4.264","4.162","3.814","3.433","2.857","2.226","2.227","2.216","1.739","1.513","1.484","1.525","1.518","1.536","1.536","1.449","1.436","1.435","1.435"
"Новгородская область","5.362","4.429","4.157","4.152","5.402","4.531","4.484","3.67","4.007","3.724","4.139","4.243","4.463","3.52","3.981","3.89","3.62","3.099","3.159","3.54","3.426","3.27","2.995","3.398","4.213","4.593","4.556","4.141","4.649","4.775","5.67","6.137","6.358","5.996","7.24","7.399","7.1","6.265","5.873","5.344","4.846","4.232","3.674","3.182","3.16","3.205","3.244","3.175","3.23","3.268","3.358","3.646","3.698","3.348","3.16","2.775","2.682","2.683","2.663","2.838","2.794","2.991","2.925","2.798","2.447","1.948","1.83","1.829","1.832","1.659","1.795","1.758","1.741","1.692","1.52"
"Новосибирская область","5.793","6.635","7.193","7.494","7.136","6.656","6.601","6.759","6.479","6.61","6.254","6.461","6.269","6.015","6.056","6.071","6.372","6.461","6.402","6.17","6.015","6.181","6.256","6.134","5.76","5.533","5.459","5.635","5.93","6.21","6.458","6.964","7.359","7.521","7.108","7.101","7.027","7.098","7.094","6.925","6.57","6.229","6.064","5.934","5.731","5.613","5.537","5.441","6.223","5.589","3.903","4.647","4.766","5.004","4.678","4.271","4.099","3.944","4.448","4.212","3.934","3.53","3.699","3.657","3.629","3.61","3.488","3.461","3.178","3.033","3.138","3.431","3.705","3.461","3.199"
"Омская область","7.286","7.787","7.917","7.611","7.237","7.015","6.68","6.337","6.035","5.97","6.237","6.461","6.867","7.197","7.413","7.303","6.992","6.731","6.437","6.013","5.709","5.678","5.87","6.111","6.431","6.957","7.262","7.346","7.85","8.846","9.954","10.497","10.205","9.551","8.724","8.706","8.56","8.197","7.959","7.744","7.291","6.688","5.932","5.707","5.648","5.757","5.745","5.871","6.227","6.459","6.635","6.685","6.051","5.364","4.487","4.301","4.163","4.186","4.211","4.225","4.294","4.345","4.222","3.757","3.411","3.257","3.27","3.249","3.215","3.214","3.275","3.297","3.216","3.266","3.186"
"Оренбургская область","4.514","4.713","4.847","4.986","4.873","4.53","4.124","3.776","3.674","3.774","4.05","4.494","4.921","5.156","5.17","4.85","4.315","3.921","3.84","4.132","4.446","4.685","4.69","4.57","4.405","4.371","4.396","4.46","4.608","4.846","5.248","5.693","6.4","7.036","7.169","6.891","6.484","6.347","5.865","5.45","4.881","4.525","4.244","4.141","4.175","4.226","4.24","4.255","4.674","4.617","4.467","4.17","3.272","2.743","2.579","2.788","2.988","3.149","3.142","3.164","3.214","3.069","3.074","2.816","2.637","2.613","2.416","2.353","1.982","1.931","1.919","1.846","1.776","1.621","1.584"
"Орловская область","5.325","5.741","5.206","4.713","5.059","5.344","5.505","4.783","4.531","4.837","4.814","5.215","4.705","5.424","5.722","5.66","5.579","4.407","4.054","4.011","4.708","5.073","5.232","6.141","6.629","5.735","4.332","4.732","5.667","6.8","7.274","7.239","6.887","6.107","6.214","6.344","5.943","6.322","5.893","5.473","4.729","4.178","4.173","4.291","4.416","3.956","4.242","4.332","4.486","4.006","4.053","3.924","5.072","4.52","4.56","3.575","3.647","3.719","3.54","3.555","3.678","3.285","2.775","3.078","2.889","3.016","3.12","3.457","3.854","3.546","3.132","3.156","3.191","3.689","2.738"
"Пензенская область","4.452","4.44","4.384","4.472","4.385","4.445","4.394","4.357","4.493","4.506","4.349","4.294","4.4","4.975","4.56","4.523","4.435","4.365","4.259","4.444","4.501","4.328","4.421","4.209","4.237","3.976","4.199","4.272","4.52","5.304","5.762","5.625","5.57","5.642","5.104","4.553","4.309","4.378","4.409","4.244","4.161","4.121","4.135","4.061","4.095","4.105","4.221","4.302","4.854","4.432","4.156","4.166","3.67","3.142","3.135","2.927","3.414","3.456","3.652","3.659","3.652","3.137","3.1","3.025","2.934","2.84","2.703","2.628","2.487","2.429","2.413","2.493","2.461","2.415","2.361"
"Пермский край","5.228","6.268","5.946","6.064","5.403","5.129","5.074","4.59","5.271","4.917","5.301","4.631","5.381","5.517","5.558","5.278","5.437","5.494","5.053","4.833","4.844","4.955","5.07","5.364","5.295","5.319","5.111","5.313","5.591","6.104","6.704","6.311","6.2","5.861","5.271","5.015","5.438","5.43","5.33","4.838","4.718","4.641","4.465","4.475","4.288","4.168","4.086","4.047","4.211","4.194","3.42","3.397","3.503","3.369","3.177","3.219","3.286","3.177","3.195","3.357","3.429","3.155","3.046","2.883","2.663","2.608","2.569","2.431","2.339","2.266","2.355","2.423","2.391","2.429","2.345"
"Приволжский федеральный округ","4.524","4.736","4.661","4.716","4.522","4.539","4.403","4.295","4.26","4.162","4.196","4.195","4.394","4.414","4.449","4.392","4.425","4.325","4.19","4.144","4.078","4.092","4.072","4.123","4.138","4.182","4.238","4.252","4.596","5.029","5.542","5.608","5.634","5.607","5.416","5.234","5.074","4.989","4.858","4.655","4.412","4.2","4.004","3.853","3.736","3.691","3.66","3.647","3.657","3.635","3.512","3.441","3.369","3.214","3.17","3.154","3.188","3.127","3.091","3.023","2.946","2.678","2.599","2.525","2.391","2.279","2.191","2.161","2.118","2.112","2.112","2.102","2.063","1.989","1.935"
"Приморский край","5.332","5.387","5.13","5.452","5.654","5.293","4.977","5.262","5.022","4.827","5.72","6.091","6.22","5.148","4.928","5.265","5.165","5.109","5.272","5.501","5.103","4.722","5.036","5.278","5.48","5.117","5.442","5.388","5.403","5.497","5.926","5.846","5.724","5.449","5.106","5.124","4.983","4.758","4.543","4.602","4.197","4.185","4.234","4.273","4.028","4.113","4.276","4.144","4.103","3.999","3.517","3.151","3.095","3.477","3.738","3.293","3.156","3.149","2.932","2.823","2.779","2.553","2.451","2.352","2.468","2.615","2.568","2.565","2.37","2.568","2.714","2.408","2.034","1.882","2.075"
"Псковская область","6.44","6.519","6.814","6.663","6.373","6.102","5.967","5.601","5.4","4.91","4.88","4.963","5.295","5.359","5.115","4.82","4.702","4.954","5.129","5.039","5.328","5.221","5.343","4.801","5.152","5.399","5.747","5.802","6.081","6.143","6.464","6.635","7.036","6.924","6.4","6.302","6.526","6.565","6.611","6.054","5.253","4.551","4.166","4.144","4.105","4.075","3.935","3.956","4.018","3.963","4.113","4.264","4.153","4.337","4.233","4.202","3.739","3.689","3.781","3.741","3.494","3.402","3.334","3.165","2.934","2.526","2.54","2.541","2.581","2.578","2.608","2.601","2.435","2.335","2.341"
"Российская Федерация","5.076","5.118","5.097","5.076","4.981","4.885","4.768","4.716","4.657","4.599","4.605","4.681","4.803","4.85","4.875","4.821","4.773","4.666","4.58","4.482","4.404","4.414","4.463","4.554","4.591","4.608","4.608","4.633","4.998","5.489","5.995","6.18","6.292","6.353","6.253","6.102","5.93","5.771","5.608","5.419","5.164","4.946","4.733","4.582","4.441","4.368","4.313","4.285","4.31","4.256","4.087","4.03","3.967","3.918","3.869","3.839","3.838","3.794","3.742","3.657","3.604","3.402","3.295","3.177","3.084","3.015","2.993","2.973","2.958","2.944","2.921","2.879","2.776","2.688","2.635"
"Ростовская область","5.302","5.281","5.266","5.325","5.264","5.221","5.17","5.109","5.067","5.026","5.015","4.971","4.994","4.928","4.922","4.8","4.819","4.838","4.87","4.852","4.851","4.849","4.875","4.801","4.815","4.584","4.53","4.48","4.831","5.012","5.247","5.12","5.005","5.024","5.497","5.424","5.209","5.046","4.81","4.411","4.036","3.772","3.677","3.753","3.773","3.855","3.794","3.77","3.714","3.579","3.593","3.644","3.615","3.566","3.555","3.525","3.506","3.479","3.444","3.422","3.394","3.269","3.211","3.194","3.169","3.122","3.033","2.962","2.907","2.822","2.771","2.689","2.668","2.588","2.508"
"Рязанская область","4.032","4.844","4.672","4.936","4.73","4.562","3.743","3.469","3.296","4.301","3.802","4.16","3.753","3.972","3.82","3.88","4.335","4.175","4.371","3.824","3.622","3.227","3.389","4.399","4.403","4.445","4.425","4.308","4.747","4.779","5.224","5.168","5.222","5.459","6.392","6.428","6.318","5.286","4.804","4.745","4.805","4.698","4.326","3.878","3.511","3.279","3.154","2.912","2.523","2.234","3.203","3.264","3.521","3.387","3.437","3.175","2.743","2.717","2.562","2.592","2.874","3.192","3.144","3.044","2.964","2.92","2.923","2.963","2.959","2.611","2.442","2.396","2.444","2.379","2.312"
"Самарская область","4.125","4.079","3.683","3.738","3.556","4.024","4.048","3.832","3.749","3.38","3.633","3.339","3.759","3.477","3.605","3.72","3.825","3.925","3.69","4.055","3.92","4.077","4.161","4.378","4.129","3.681","3.393","3.123","3.438","4.055","4.927","5.525","5.553","5.213","4.652","4.558","4.336","4.712","4.71","4.315","3.591","3.264","3.105","2.922","2.903","2.935","3.017","2.98","2.761","3.053","2.972","2.377","2.486","2.636","2.809","2.947","2.799","2.692","2.45","2.31","2.33","2.149","2.061","1.944","1.915","1.852","1.894","1.907","1.934","1.942","1.966","1.996","2.005","1.98","2.031"
"г. Санкт-Петербург","1.546","1.532","1.528","1.523","1.513","1.465","1.41","1.397","1.362","1.441","1.465","1.527","1.476","1.38","1.325","1.276","1.323","1.341","1.362","1.367","1.357","1.355","1.377","1.418","1.456","1.503","1.529","1.544","1.73","2.131","2.711","3.218","3.593","3.796","3.767","3.586","3.285","2.977","2.666","2.48","2.313","2.206","2.056","1.891","1.739","1.628","1.559","1.526","1.51","1.372","1.524","1.696","1.381","1.582","1.703","2.295","2.655","2.547","2.057","1.665","1.672","1.653","1.628","1.576","1.547","1.536","1.549","1.546","1.523","1.52","1.505","1.512","1.513","1.516","1.512"
"Саратовская область","4.834","5.019","5.108","5.124","5.217","5.329","5.448","5.358","5.115","4.856","4.793","4.863","4.774","4.625","4.553","4.657","4.76","4.764","4.666","4.437","4.172","4.002","3.911","3.92","3.983","4.166","4.366","4.498","4.688","4.891","5.229","5.594","6.054","6.321","6.419","6.319","6.055","5.867","5.722","5.473","5.153","4.681","4.281","3.97","3.848","3.824","3.799","3.712","3.5","3.356","3.556","3.492","3.135","3.134","3.198","3.276","3.373","3.516","3.619","3.626","3.552","3.267","2.997","2.748","2.608","2.436","2.261","2.142","2.151","2.169","2.23","2.237","2.231","2.176","2.098"
"Республика Саха (Якутия)","7.937","7.978","7.785","7.39","7.045","6.747","6.406","6.242","6.183","6.442","6.74","7.17","7.405","7.214","7.077","6.921","6.961","6.84","6.745","6.597","6.233","6.191","6.674","7.26","7.64","7.441","7.253","7.075","7.241","7.552","7.714","7.703","7.534","7.304","7.269","7.498","7.461","7.351","7.242","7.151","6.987","6.676","6.632","6.606","6.52","6.459","6.666","7.127","7.234","7.338","7.1","6.766","6.613","6.316","6.111","5.979","6.016","6.31","6.294","6.073","5.842","5.796","5.706","5.569","5.51","5.444","5.367","5.41","5.612","5.937","6.066","5.816","5.507","5.206","5.096"
"Сахалинская область","5.864","6.045","6.038","5.936","5.799","5.621","5.403","5.134","4.981","4.927","5.024","5.059","5.084","5.069","5.159","5.293","5.42","5.487","5.432","5.299","5.156","5.016","5.027","5.027","5.078","5.155","5.229","5.305","5.327","5.406","5.516","5.589","5.68","5.722","5.593","5.582","5.687","5.689","5.63","5.524","5.42","5.349","5.255","5.178","5.076","5.009","4.951","4.958","5.195","5.246","4.93","4.738","4.526","4.438","4.416","4.26","4.573","3.9","2.91","2.735","2.897","2.969","2.879","2.8","2.23","2.008","2.135","2.43","2.735","2.935","2.994","3.042","3.01","2.935","2.836"
"Свердловская область","5.017","5.087","5.5","4.957","4.893","4.71","4.577","4.852","4.759","4.989","4.767","4.878","4.682","5.082","4.899","4.588","4.348","4.254","4.148","4.048","3.984","4.116","4.051","3.904","3.98","3.993","4.285","4.552","5.509","6.557","6.811","6.469","6.172","6.233","5.73","5.607","5.461","5.133","4.732","4.549","4.369","4.106","3.745","3.663","3.664","3.787","3.757","3.734","3.655","3.709","3.676","3.366","3.244","3.386","3.414","3.498","3.414","3.381","3.204","2.944","2.966","2.683","2.339","1.946","1.987","1.971","2.245","2.387","2.439","2.373","2.286","2.599","2.379","2.163","1.744"
"г. Севастополь","4.129","4.157","4.181","4.339","4.652","4.462","4.156","4.068","4.149","3.924","3.715","3.892","4.601","4.866","4.516","4.185","4.143","4.206","3.779","3.371","3.411","3.733","4.189","4.085","3.836","3.638","3.843","4.112","4.434","4.814","5.13","5.029","4.585","4.385","4.583","4.655","4.764","4.746","4.594","4.447","4.254","4.119","3.927","3.74","3.792","3.986","4.162","4.176","4.176","4.121","3.919","3.994","3.977","3.888","3.654","3.531","3.799","3.988","3.959","3.99","4.039","4.034","3.88","3.685","3.456","2.982","2.725","2.563","2.735","2.784","2.859","2.938","2.948","2.935","2.895"
"Республика Северная Осетия - Алания","11.544","11.965","12.256","12.299","12.515","12.218","11.193","9.915","8.888","8.663","8.53","8.79","9.788","10.836","11.645","11.187","10.637","10.554","11.682","12.213","12.609","12.23","12.935","13.233","13.616","13.834","13.759","14.001","15.156","16.815","17.885","17.308","16.334","15.279","14.683","14.757","14.926","15.089","14.997","14.665","14.317","14.031","13.778","13.262","12.663","12.25","12.085","12.087","14.938","14.371","11.194","9.945","9.14","10.078","11.314","11.894","11.699","12.489","11.935","12.089","11.937","11.258","10.676","10.345","10.307","9.893","9.627","9.205","8.676","8.605","8.506","8.991","9.294","9.085","9.808"
"Северо-Западный федеральный округ","4.356","4.394","4.281","4.14","4.116","3.939","3.887","3.852","3.861","3.723","3.787","3.877","3.949","3.809","3.836","3.727","3.632","3.455","3.508","3.44","3.395","3.37","3.463","3.531","3.602","3.681","3.725","3.666","3.853","4.319","5.018","5.491","5.773","5.902","5.807","5.557","5.254","4.907","4.597","4.354","4.096","3.986","3.809","3.715","3.526","3.458","3.372","3.337","3.226","3.018","3.088","3.27","3.096","3.169","3.239","3.498","3.624","3.528","3.276","3.062","3.008","2.897","2.767","2.642","2.59","2.596","2.596","2.582","2.519","2.488","2.5","2.501","2.441","2.315","2.228"
"Северо-Кавказский федеральный округ","10.953","11.094","11.186","11.163","11.037","10.791","10.43","10.2","10.038","9.959","9.95","10.278","10.789","11.301","11.554","11.576","11.518","11.319","11.058","10.67","10.492","10.495","10.709","10.893","11.098","11.248","11.452","11.417","12.245","13.099","14.276","14.604","14.877","14.989","14.893","14.842","14.877","14.723","14.455","14.019","13.52","13.001","12.379","11.843","11.404","11.129","10.987","10.899","11.617","11.597","10.349","9.968","9.8","9.811","9.888","9.9","10.201","10.119","10.262","10.402","10.464","9.972","9.652","9.529","9.341","9.202","9.252","9.162","9.515","9.635","9.782","9.671","9.358","9.06","9.002"
"Сибирский федеральный округ","7.24","7.031","6.956","6.952","6.817","6.761","6.708","6.895","6.805","6.732","6.572","6.247","6.477","6.581","6.675","6.453","6.24","5.959","5.76","5.584","5.474","5.628","5.666","5.853","5.771","5.78","5.575","5.792","6.357","7.188","7.752","8.139","8.368","8.263","7.669","7.476","7.2","7.021","6.876","6.72","6.33","5.979","5.676","5.491","5.28","5.188","5.05","4.97","4.982","4.948","4.646","4.579","4.518","4.443","4.242","4.018","4.003","3.988","4.07","3.974","3.899","3.636","3.544","3.428","3.367","3.359","3.232","3.167","2.982","2.947","2.972","3.032","2.993","2.942","2.905"
"Смоленская область","5.038","5.31","5.375","6.199","6.067","5.713","4.695","4.81","4.815","5.043","4.8","4.977","4.69","5.639","5.082","5.886","5.473","5.715","5.371","5.042","4.895","4.791","5.006","5.065","4.975","4.951","4.775","4.832","4.837","5.163","5.254","5.355","5.447","5.498","5.44","5.585","5.733","5.759","5.567","5.377","5.271","5.149","5.093","4.997","4.893","4.744","4.664","4.57","4.458","4.209","3.729","3.724","3.499","3.434","3.356","3.282","3.211","3.057","3.02","3.194","3.177","3.166","3.119","3.109","2.959","2.969","2.814","2.815","2.542","2.743","2.808","2.887","2.808","2.719","2.784"
"Ставропольский край","4.871","4.934","5.14","5.3","5.219","5.054","4.972","4.969","4.979","4.981","5.021","5.007","4.817","4.547","4.51","4.816","5.173","5.188","4.953","4.792","4.831","4.83","4.898","4.867","4.801","4.598","4.407","4.379","4.805","5.365","6.096","6.525","6.867","7.022","7.264","7.228","6.956","6.748","6.479","6.117","5.431","4.865","4.574","4.642","4.729","4.753","4.767","4.782","4.72","4.678","4.49","4.203","4.185","4.05","4.122","4.019","4.385","4.563","4.502","4.274","4.156","4.016","3.923","3.911","3.909","3.77","3.671","3.645","3.678","3.615","3.64","3.615","3.634","3.539","3.366"
"Тамбовская область","4.131","4.186","4.246","4.293","4.289","4.196","4.134","3.941","3.863","3.86","3.896","3.933","3.935","3.994","4.023","4.087","4.089","4.114","4.103","3.978","3.875","3.718","3.786","3.759","3.827","3.805","3.871","3.928","4.13","4.495","4.811","5.004","4.986","4.991","4.739","4.594","4.483","4.438","4.393","4.253","4.169","4.029","3.941","3.822","3.745","3.692","3.673","3.635","3.663","3.719","3.394","3.139","2.989","3.116","3.468","3.154","3.054","2.987","3.338","3.435","3.461","3.307","3.184","3.105","3.047","2.874","2.909","3.053","3.025","2.787","2.878","2.833","2.974","2.876","2.62"
"Республика Татарстан","3.294","3.38","3.398","3.401","3.369","3.342","3.35","3.378","3.332","3.162","3.157","3.282","3.424","3.426","3.394","3.368","3.333","3.268","3.299","3.327","3.253","3.16","3.121","3.216","3.256","3.242","3.235","3.181","3.395","3.581","3.895","3.965","4.009","3.985","3.764","3.522","3.312","3.076","2.909","2.784","2.71","2.688","2.674","2.635","2.572","2.496","2.419","2.388","2.461","2.427","2.263","2.291","2.404","2.356","2.346","2.22","2.197","2.173","2.221","2.207","2.196","2.171","2.114","2.065","2.043","2.053","2.04","2.029","1.981","1.958","1.938","1.937","1.925","1.921","1.889"
"Тверская область","3.997","4.076","4.122","4.378","4.418","4.356","4.016","3.814","3.747","3.818","3.936","4.023","4.111","4.213","4.291","4.323","4.302","4.2","4.033","3.735","3.535","3.457","3.691","3.933","4.1","4.108","4.105","4.082","4.121","4.172","4.263","4.344","4.444","4.558","4.845","4.803","4.493","4.313","4.084","3.893","3.74","3.732","3.78","3.851","3.906","3.963","3.985","4.002","3.998","3.841","3.681","3.877","3.921","3.953","3.784","3.74","3.741","3.696","3.604","3.464","3.375","3.261","3.308","3.302","3.288","3.23","3.127","3.126","3.045","2.974","3.064","2.981","2.87","2.473","2.363"
"Томская область","5.491","4.944","4.76","6.256","6.072","7.793","6.628","8.684","7.475","7.076","4.991","4.988","5.203","5.936","5.773","5.665","5.645","5.517","5.863","5.367","5.327","5.424","5.581","5.459","4.865","4.781","5.421","6.043","7.08","8.386","9.682","10.259","10.018","9.952","9.415","8.901","8.584","8.417","8.444","8.312","7.897","7.197","6.837","6.417","5.966","5.464","5.464","5.541","5.526","6.403","6.807","5.388","5.501","5.177","4.623","3.774","3.975","4.083","4.47","4.123","4.408","4.039","4.173","4.111","4.065","4.167","4.356","4.374","3.912","3.394","3.238","3.295","3.352","3.326","3.366"
"Тульская область","4.117","4.056","3.958","4.039","3.915","3.756","3.642","3.612","3.61","3.66","3.832","3.96","4.154","4.165","4.054","3.832","3.775","3.805","3.791","3.692","3.62","3.646","3.708","3.739","3.844","3.895","3.872","3.778","3.799","4.075","4.466","4.799","5.114","5.303","4.652","4.2","4.098","4.166","4.144","4.002","3.831","3.71","3.648","3.597","3.549","3.569","3.68","3.8","3.749","3.602","3.559","3.607","3.656","3.609","3.724","3.709","3.722","3.634","3.536","3.466","3.34","3.131","3.051","2.832","2.548","2.392","2.379","2.404","2.393","2.487","2.603","2.453","2.334","2.213","2.143"
"Республика Тыва","17.688","18.773","15.768","12.223","11.283","15.004","18.313","20.586","19.027","15.613","12.303","10.306","12.96","14.92","16.209","12.912","12.645","11.659","11.581","11.013","10.729","12.818","13.767","13.561","12.068","11.814","11.649","12.004","12.423","15.577","19.494","20.994","22.373","21.56","19.938","18.262","16.959","18.108","19.294","20.508","18.427","16.075","14.864","13.981","13.822","12.099","11.288","10.519","10.762","12.87","11.829","9.383","8.986","8.599","9.053","9.096","7.957","7.967","7.962","7.639","7.95","8.119","7.341","7.173","6.684","7.289","6.735","6.757","4.603","5.075","4.297","4.688","4.216","5.117","5.272"
"Тюменская область","3.524","3.506","3.527","3.41","3.306","3.118","3.175","3.072","3.039","2.911","2.915","2.935","3.108","3.179","3.081","2.926","2.966","2.999","3.103","3.084","3.131","3.065","2.908","2.892","2.794","2.872","2.784","3.033","3.081","3.424","3.559","3.656","3.831","3.963","3.902","3.75","3.742","3.749","3.793","3.638","3.528","3.392","3.217","3.065","2.93","2.813","2.693","2.621","2.707","2.754","2.798","2.779","2.67","2.607","2.579","2.772","2.732","2.622","2.453","2.6","2.578","2.402","2.389","2.256","2.254","2.202","2.174","2.114","2.132","2.148","2.073","2.005","1.99","1.894","1.871"
"Тюменская область без авт. округов","4.774","4.666","4.913","4.794","4.697","4.486","4.496","4.357","4.426","4.239","4.268","4.189","4.327","4.477","4.42","4.231","4.258","4.088","4.284","4.058","3.923","4.022","3.842","3.853","3.77","4.045","3.95","4.193","4.375","4.79","5.036","5.073","5.14","5.195","5.123","4.879","4.978","5.048","5.243","4.968","4.862","4.674","4.446","4.246","4.051","3.863","3.677","3.588","3.868","4.034","4.135","4.094","4.08","4.022","3.986","4.097","3.922","3.704","3.408","3.727","3.641","3.376","3.334","3.126","3.134","3.056","3.073","2.91","2.932","2.865","2.763","2.689","2.731","2.567","2.547"
"Удмуртская Республика","4.605","5.392","5.088","5.11","4.266","4.662","4.867","5.415","5.097","4.65","4.248","4.393","4.713","4.696","4.876","5.147","5.67","5.351","4.656","3.997","3.749","3.729","3.259","3.42","3.614","4.144","4.447","5.056","6.059","6.924","7.364","7.263","6.896","6.581","6.213","6.043","5.689","5.591","5.455","5.383","5.015","4.712","4.468","4.298","4.127","3.966","3.89","3.688","3.616","3.289","2.752","3.179","2.995","2.622","2.449","2.43","2.843","2.607","3.203","3.184","3.359","2.936","2.687","2.88","2.628","2.442","2.093","2.005","2.084","2.151","2.263","2.154","2.042","1.822","1.753"
"Ульяновская область","3.957","3.963","4.106","4.239","3.992","3.77","3.751","3.708","3.737","3.506","3.357","3.514","3.481","3.771","3.69","3.826","3.742","3.752","3.636","3.663","3.747","3.786","3.659","3.586","3.788","4.092","4.036","3.968","4.368","5.05","5.503","5.259","5.089","5.164","5.054","4.87","4.712","4.68","4.574","4.59","4.661","4.56","4.478","4.34","4.102","3.974","3.951","3.947","4.159","4.143","4.197","4.178","4.303","4.222","4.222","4.165","4.15","4.022","3.866","3.736","3.653","3.468","3.402","3.257","2.937","2.63","2.297","2.271","2.285","2.318","2.322","2.213","2.165","2.093","2.274"
"Уральский федеральный округ","5.104","5.125","5.172","4.961","4.841","4.747","4.647","4.685","4.622","4.648","4.563","4.648","4.654","4.855","4.669","4.481","4.36","4.344","4.314","4.259","4.232","4.256","4.145","4.112","4.113","4.198","4.225","4.382","4.792","5.475","5.901","6.019","6.083","6.165","5.923","5.741","5.585","5.395","5.2","4.986","4.753","4.445","4.082","3.872","3.764","3.73","3.66","3.61","3.574","3.573","3.547","3.372","3.279","3.225","3.214","3.264","3.191","3.164","3.022","2.958","2.885","2.676","2.532","2.349","2.341","2.324","2.389","2.402","2.382","2.335","2.251","2.326","2.229","2.107","1.925"
"Хабаровский край","4.433","3.255","3.898","4.174","4.142","3.326","3.728","3.749","4.16","3.331","4.405","3.572","3.815","2.493","3.736","3.748","3.933","3.385","3.438","4.091","3.47","3.616","3.759","4.306","4.508","3.509","3.435","2.967","3.463","3.692","4.124","4.479","4.269","4.304","4.603","4.575","4.004","4.23","3.585","3.362","2.618","2.734","2.872","2.947","3.129","2.97","2.941","2.85","3.31","3.14","2.192","2.074","2.214","2.655","2.76","2.847","2.491","2.667","2.448","2.464","2.34","2.035","1.858","2.042","2.111","1.988","2.282","2.184","2.181","1.866","1.982","2.156","1.825","1.612","1.433"
"Республика Хакасия","5.988","5.036","5.507","5.13","4.84","4.147","4.98","5.023","4.55","4.158","5.488","6.48","6.548","6.165","5.941","5.554","4.66","4.457","5.318","5.846","5.872","5.297","6.078","6.712","7.912","7.924","7.61","7.188","7.707","9.037","9.83","10.176","10.336","9.79","7.996","7.748","7.726","7.701","7.688","7.69","7.687","7.795","6.874","6.055","5.163","5.128","5.007","5.092","4.71","4.187","3.011","3.197","3.319","3.408","2.637","2.801","2.904","4.174","3.924","3.544","2.896","2.752","2.12","2.293","2.438","2.377","1.944","1.515","1.55","1.455","1.534","1.75","1.993","1.857","1.614"
"Ханты-Мансийский авт. округ - Югра","2.97","3.006","2.867","2.699","2.631","2.408","2.567","2.42","2.316","2.2","2.2","2.282","2.458","2.475","2.33","2.209","2.282","2.485","2.542","2.791","2.86","2.697","2.571","2.51","2.364","2.292","2.213","2.522","2.485","2.778","2.758","2.954","3.229","3.415","3.346","3.247","3.161","3.13","3.089","2.99","2.876","2.78","2.644","2.519","2.422","2.336","2.227","2.128","2.101","2.075","2.102","2.089","1.879","1.792","1.863","2.127","2.149","2.07","1.973","2.06","2.032","1.868","1.875","1.847","1.801","1.749","1.664","1.703","1.73","1.785","1.73","1.651","1.574","1.51","1.477"
"Центральный федеральный округ","3.098","3.127","3.11","3.106","3.069","2.99","2.895","2.81","2.763","2.754","2.744","2.848","2.868","2.922","2.901","2.96","2.95","2.914","2.854","2.777","2.744","2.737","2.828","2.924","2.942","2.919","2.886","2.892","3.171","3.513","3.868","4.045","4.201","4.408","4.561","4.437","4.284","4.138","4.037","3.909","3.733","3.566","3.425","3.324","3.244","3.177","3.136","3.111","3.059","3.014","3.03","3.042","3.072","3.036","3.035","2.982","2.948","2.924","2.888","2.859","2.829","2.729","2.639","2.557","2.47","2.403","2.376","2.368","2.343","2.311","2.194","2.069","1.938","1.893","1.884"
"Челябинская область","6.038","5.919","5.837","5.764","5.745","5.694","5.665","5.609","5.584","5.539","5.548","5.54","5.521","5.436","5.359","5.255","5.163","5.098","5.089","5.099","5.084","5.055","5.002","4.964","4.929","4.91","4.886","4.88","5.155","5.862","6.815","7.536","7.902","8.001","7.824","7.487","7.129","6.892","6.694","6.375","5.922","5.305","4.695","4.241","4.006","3.889","3.824","3.78","3.701","3.549","3.485","3.392","3.321","3.049","3.001","2.897","2.806","2.876","2.883","2.832","2.652","2.49","2.423","2.423","2.393","2.428","2.375","2.356","2.236","2.167","2.105","2.113","2.088","2.029","1.946"
"Чеченская Республика","13.816","13.875","13.851","13.986","13.998","14.054","13.973","13.922","13.807","13.698","13.542","13.462","13.218","13.223","13.298","13.62","13.678","13.615","13.559","13.471","13.533","13.528","13.636","13.119","13.088","12.951","13.377","13.299","13.529","14.021","15.976","18.56","21.685","23.334","22.346","21.001","20.592","19.721","19.053","18.056","17.387","16.373","14.596","12.814","11.51","11.02","10.923","10.91","11.104","11.025","11.205","11.01","11.104","11.108","11.098","11.024","11.113","10.967","10.985","10.953","10.839","10.647","10.935","10.927","10.632","10.781","10.696","10.72","10.554","10.424","10.401","10.416","10.305","10.062","9.447"
"Чувашская Республика","5.139","5.24","5.298","5.433","5.253","5.206","4.985","4.988","4.996","4.799","4.78","4.908","4.954","4.739","4.823","5.051","5.297","5.264","5.015","4.823","4.446","4.256","4.188","4.196","4.34","4.558","4.557","4.602","5.519","6.641","7.527","7.078","6.571","6.134","6.031","6.076","6.031","5.854","5.532","5.248","5.054","4.92","4.762","4.59","4.377","4.312","4.223","4.26","4.144","3.911","3.864","3.866","3.827","3.271","2.892","2.851","2.755","2.934","2.679","2.622","2.494","2.514","2.538","2.489","2.404","2.25","2.283","2.3","2.356","2.332","2.437","2.409","2.379","2.24","2.208"
"Чукотский авт. округ","1.696","2.538","2.212","2.336","3.132","4.316","3.642","3.401","2.743","3.84","3.992","3.023","2.42","1.204","1.786","1.669","2.366","4.616","5.769","5.703","3.984","2.55","3.758","4.018","5.036","4.63","5.05","5.219","4.847","5.418","4.609","3.87","3.884","4.747","4.029","3.188","3.678","2.325","2.535","2.559","2.707","2.466","2.396","2.572","2.447","2.349","2.553","2.958","3.203","2.659","1.782","1.637","1.352","1.3","1.601","1.975","2.499","2.603","2.215","1.742","1.697","2.585","2.182","1.902","1.575","1.476","1.701","1.38","1.352","1","0.966","0.944","1.902","1.944","2.035"
"Южный федеральный округ","5.871","5.952","6","5.958","5.867","5.757","5.616","5.481","5.353","5.356","5.345","5.392","5.435","5.537","5.563","5.515","5.452","5.401","5.322","5.196","5.107","5.098","5.158","5.192","5.261","5.232","5.287","5.274","5.698","6.103","6.569","6.573","6.5","6.43","6.373","6.199","5.989","5.832","5.683","5.512","5.336","5.19","5.07","4.965","4.85","4.792","4.762","4.79","4.726","4.613","4.48","4.402","4.259","4.169","3.958","3.871","3.796","3.78","3.733","3.5","3.388","3.187","3.124","2.895","2.764","2.653","2.704","2.71","2.736","2.707","2.692","2.664","2.633","2.594","2.506"
"Ямало-Ненецкий авт. округ","2.283","2.293","2.232","2.291","2.058","2.029","1.903","2.024","1.958","1.936","1.886","1.957","2.198","2.238","2.183","2.009","1.99","1.997","2.012","1.691","2.098","1.922","1.726","1.772","1.788","1.837","1.742","1.82","1.785","2.087","2.407","2.354","2.489","2.649","2.646","2.555","2.518","2.488","2.414","2.392","2.322","2.222","2.085","1.978","1.876","1.821","1.793","1.812","1.754","1.747","1.729","1.725","1.641","1.702","1.446","1.643","1.696","1.725","1.649","1.539","1.686","1.683","1.648","1.347","1.417","1.413","1.508","1.417","1.408","1.453","1.389","1.371","1.403","1.362","1.357"
"Ярославская область","7.625","7.089","6.077","5.199","5.767","6.351","6.719","6.019","5.142","4.069","4.095","5.294","6.041","5.579","5.786","6.957","7.099","6.324","5.451","4.767","4.348","4.394","4.952","5.403","4.847","4.728","4.995","5.279","6.626","7.51","8.401","8.512","8.182","8.208","7.458","7.319","7.154","6.9","6.532","6.7","6.202","5.846","5.475","5.591","5.94","5.839","5.743","5.378","5.03","4.896","5.146","5.31","5.493","5.438","5.015","4.874","4.501","4.664","4.78","4.922","4.685","4.082","3.961","3.704","3.475","3.645","3.872","3.65","3.261","3.38","3.393","3.7","3.376","3.447","3.724"
