"region","2016, январь","2016, февраль","2016, март","2016, апрель","2016, май","2016, июнь","2016, июль","2016, август","2016, сентябрь","2016, октябрь","2016, ноябрь","2016, декабрь","2017, январь","2017, февраль","2017, март","2017, апрель","2017, май","2017, июнь","2017, июль","2017, август","2017, сентябрь","2017, октябрь","2017, ноябрь","2017, декабрь","2018, январь","2018, февраль","2018, март","2018, апрель","2018, май","2018, июнь","2018, июль","2018, август","2018, сентябрь","2018, октябрь","2018, ноябрь","2018, декабрь","2019, январь","2019, февраль","2019, март","2019, апрель","2019, май","2019, июнь","2019, июль","2019, август","2019, сентябрь","2019, октябрь","2019, ноябрь","2019, декабрь","2020, январь","2020, февраль","2020, март","2020, апрель","2020, май","2020, июнь","2020, июль","2020, август","2020, сентябрь","2020, октябрь","2020, ноябрь","2020, декабрь","2021, январь","2021, февраль","2021, март","2021, апрель","2021, май","2021, июнь","2021, июль","2021, август","2021, сентябрь","2021, октябрь","2021, ноябрь","2021, декабрь","2022, январь","2022, февраль","2022, март","2022, апрель","2022, май","2022, июнь","2022, июль","2022, август","2022, сентябрь","2022, октябрь","2022, ноябрь","2022, декабрь","2023, январь","2023, февраль","2023, март","2023, апрель","2023, май","2023, июнь","2023, июль","2023, август","2023, сентябрь","2023, октябрь","2023, ноябрь","2023, декабрь","2024, январь","2024, февраль","2024, март","2024, апрель"
"Российская Федерация","32660","33873","35501","36497","37270","38447","35888","35405","35843","35749","36195","47553.7","34422","35497","37899","39225","39679","41454","38073.2","37099","38047","38333","38848","51197","39017","40443","42364","43381","44076","45848","42413","41364","41774","42332","42595","55569","42263","43062","46324","48030","47926.2","49348","46509","44961","45541","46549","46285","62239","46674","47257","50948","49306","50747","52123","50145.1","47649","49259","49539","49274.3","69278","49516","51229","55208","56614","56171","58782","55170","52355","54687","54649","55639","77994","55717","57344","66757","62269","62457","66572","62200","59907","61879","62470","63060","88468","63260","65094","71334","71204","72851","76604","71419","69439","70922","73830","73383","103815","75034","78432","87740","83875"
"Центральный федеральный округ","39738","42796","44961","46978","45541","47872","44955","44593","44342","44439","44991","61182.7","41132","43785","47066","49698","47129","51468","46971.7","45494","46593","47139","47866","65683","47453","51279","53771","56192","53567","58177","52985","51383","51529","52715","52642","71662","52945","54940","60220","63711","58602","62400","59236","56709","57137","58523","58059","82267","58790","60058","66678","63943","61580","64942","64553.2","60047","61712","62683","62634.6","93504","62060","66414","73322","74774","69934","73177","71383","66354","68698","69335","70272","105706","70061","74511","91198","79563","76666","83083","77381","74173","76851","77421","77901","116778","77985","81352","92906","91288","88100","95180","88478","85619","87732","92822","90853","139516","93297","99489","116440","107159"
"Белгородская область","24434","24509","26211","26134","26375","27292","27670","27103","26669","26836","26720","32471.6","27550","26693","28213","28062","28444","29732","29299","28578","29075","29332","28758","35191","29298","29456","30092","31478","31179","31947","32422","31603","30910","31823","31163","37577","31858","30680","32927","33617","33899.1","34149","35196","34049","33949","35324","34085","42109","35591","34485","36199","35970","36109","37516","38915.8","36674","36501","37601","36864","45945","37802","36393","39487","40281","39731","41620","42959","40322","40651","42444","41878","52616","43840","42169","47559","46407","46133","47677","48266","47313","45587","47737","47482","60042","48681","47326","51415","50894","52707","54581","55034","54391","52906","56285","56081","69352","60668","57500","62808","61818"
"Брянская область","20909","20921","21677","21797","24306","24490","22465","22701","22689","22481","22661","27209.8","22635","22548","23202","23591","25192","26351","23864.7","24042","24244","23990","24459","28817","24556","25261","25773","26218","29552","29210","26892","27095","26485","26892","27403","32255","26826","26752","27730","29056","32207.1","31328","29354","29262","29258","29285","29844","35188","29470","29796","30498","31636","32606","32489","32183.8","31226","31681","31402","31579.1","38487","31238","31510","33006","34578","37008","38016","35233","34398","35295","35930","35913","44808","36025","34942","38681","40238","40354","42622","39574","39434","39363","41936","42405","52951","42457","41656","44948","44696","49269","50697","46836","46094","46705","48867","48982","62503","50349","50835","53997","54144"
"Владимирская область","23084","23341","24622","24595","25553","27588","25042","25582","26161","26897","26020","30852.2","24681","25356","26488","27155","27799","29618","27443.5","27595","27881","27591","28094","34387","27939","28165","29544","29425","31177","33806","31565","31511","31432","31423","31647","38009","31220","29984","30957","31668","32635.8","34235","31299","31081","31292","31885","32206","39906","32283","32168","33768","32314","34326","35104","33994.4","32390","32694","34611","33853.5","43013","33808","34570","36406","37154","37455","39754","37410","36360","37431","37083","37576","47486","37394","39290","43716","43592","44188","48068","44136","44196","44551","45371","46270","57641","45524","46232","49002","49185","51038","54102","51087","51143","51388","52973","53673","66781","54863","56327","58976","59976"
"Воронежская область","23704","24285","25486","26397","26668","28224","26623","26513","26375","26671","27395","32754.7","25337","25419","27256","28035","28144","29438","28207.2","27626","27940","28686","29328","34644","27971","29019","29661","31559","31015","32823","31283","30613","30525","31238","31286","38213","30414","30767","32715","33633","32905.6","34588","33562","31901","32210","33704","33366","40634","32755","33788","35032","34177","36550","37410","36961.3","34731","35745","36344","35878.8","46193","35021","36539","39365","40726","40289","42658","41372","38622","39992","40105","41115","52962","40535","40422","45467","45424","45142","48635","45056","44130","45831","46644","46979","58053","47314","47265","50105","51750","52756","56521","51909","51260","52003","53991","54121","71141","55793","56371","59620","60960"
"Ивановская область","19971","20531","21107","21490","22364","23857","21663","20975","21494","21823","22279","27911.3","20475","20833","22107","22066","23239","25486","22764.3","21817","23181","22939","23167","29994","23300","23488","24581","24353","25712","27860","25033","24941","25109","25364","26053","32361","24711","24875","26449","26455","27158.9","28976","26417","26166","26531","27175","27191","35321","26416","26535","27907","26770","28626","29015","27981.1","26115","27392","27465","26924.8","36932","27241","27809","29288","30102","31116","35159","30724","30379","31572","31723","32623","44832","30883","31363","35286","34964","35232","39364","35002","34269","35060","36083","36544","49621","36253","36243","39369","39741","40736","45055","39039","39546","39781","43143","43162","59584","42820","43856","46488","46680"
"Калужская область","28515","29040","30467","30878","31580","32312","31772","31248","30697","31149","32237","38120.8","30281","30820","32259","32690","33191","35017","33582.9","33545","33840","33874","35055","42472","34182","34436","37353","36773","37350","39068","37416","36357","36764","37687","38005","47151","37274","36868","39578","40955","40334.7","43648","40315","39109","40427","41051","41119","51969","40333","39867","42283","40645","43969","44158","45363.1","40492","42596","43818","43632.1","55422","43941","42958","46762","47383","47419","50547","47837","44388","46839","47950","47736","60483","48432","46983","53150","52000","51426","54751","52659","49193","50672","53126","53439","65922","52950","52794","57286","57246","58853","62552","59430","57406","58314","61701","61268","79187","62404","63099","67426","69933"
"Костромская область","20861","21521","21859","22814","22946","22870","23139","22912","22565","22740","23016","28269","22282","22179","22958","24458","23730","24431","24229.9","23866","23644","24350","24673","30533","25459","26823","26242","27323","26769","29792","27816","27077","27399","26731","27948","33880","28483","26415","32675","33489","30133.8","32220","28527","27968","29709","29927","30395","37851","29871","29882","32049","28995","30786","31461","31760.8","30179","31314","31959","31008.2","43625","30871","31809","33672","34404","34991","37557","33912","33749","35875","34054","35388","43586","33952","34660","39511","39353","38883","41777","38909","37616","37702","39511","40285","51551","39412","40178","43458","44334","44249","48506","44241","43504","43986","46733","46116","63286","47489","48272","53154","54150"
"Курская область","22556","23341","23724","25442","24924","25868","25889","25117","25076","25051","25084","31641.4","24478","24765","25375","27293","27126","28468","26537.9","26308","27051","27333","27556","34474","27684","28228","28002","29871","30324","31595","28767","29124","28913","30030","30125","36428","30361","29600","30119","32575","32089","33601","31707","32236","32492","33048","32831","41057","34384","32266","33112","34133","36237","36662","36085.2","34354","35290","36513","35113.7","46617","35669","34840","36594","40161","40111","42550","39067","38103","39463","40357","40713","54849","39909","38698","43668","44574","45417","48600","43544","44339","44925","46576","46794","64068","46510","45936","48877","50940","52640","55228","50335","50489","52265","53746","54032","74847","57196","55541","59250","61544"
"Липецкая область","22976","23101","24043","26933","25550","26659","26606","25260","24893","27076","25222","34459","25658","25188","27005","28908","28153","29029","28908.2","27225","27674","29434","27886","36601","28966","28933","30475","32654","31286","32512","32574","31107","30129","32515","30775","39991","31009","30458","37517","35132","33528.2","34779","35394","33758","33674","34133","33478","44031","34401","33688","37486","34953","36305","35954","36658.2","35513","35243","35509","38052.9","47754","36126","35372","41277","39373","39914","41756","39684","38699","39029","39205","39808","51973","40334","41205","55126","43467","44152","47247","44357","44314","43368","45007","44815","60726","45934","45232","53349","49426","51706","53723","51359","51058","50942","53423","53067","72032","56202","57407","66736","61669"
"Московская область","39593","39916","42053","42434","43119","46033","42169","41417","43659","43275","43694","54239.3","42751","42350","45688","45133","46479","50606","44975.9","44034","45655","46271","47005","58944","46410","46669","50117","49692","50614","53862","48953","47837","49900","50565","50135","63912","51068","50612","54442","55097","55196.7","58317","54099","52151","53804","54940","54006","68970","55236","54124","57915","52094","55755","57044","56200.2","53724","55039","57519","55641.4","74969","56969","56127","60929","62274","62918","65598","62125","59594","62832","63860","64624","83117","64418","63134","72090","68359","67119","72750","67526","65718","68411","69878","70274","92465","72775","72337","78263","78723","79272","84954","79931","78617","82496","85939","86103","110082","88324","87368","94983","93480"
"Орловская область","20270","20696","21645","21894","23309","25059","22245","22572","22682","22704","23280","28688.1","22172","22298","23825","24004","25012","26716","23780.9","23654","24301","24052","24418","31670","24413","24868","25747","26084","27434","29001","26584","26820","26295","26774","26834","33424","26451","26692","27957","28574","29840.7","31324","29335","28711","28885","29425","29341","38594","28961","29184","30772","30635","31853","33475","31802.8","30832","31378","30502","30829.1","41851","30323","30431","32622","33692","34670","37562","34604","34088","34278","35115","35148","49553","34635","34747","38358","38206","39518","43838","38743","39328","39768","40331","40876","57164","40929","41751","44312","44447","46895","51459","45195","45842","46620","47064","47051","66278","48222","48727","52089","52086"
"Рязанская область","24159","24896","25673","26350","29337","28887","27229","27578","27137","26942","27174","34394","25867","26010","27246","28264","30923","30679","28624.7","28581","28565","28655","28941","37500","29120","29179","30380","31478","33950","33763","31130","31641","31124","31138","31192","39222","30488","30437","31731","33809","35917.4","35393","33578","33598","33307","33550","33192","42979","32857","33497","35098","35363","36200","38063","35988.8","35324","35999","36245","34819.7","46431","35317","35855","38156","39631","40354","43742","38995","38844","40021","39582","39822","53071","39899","39707","43263","45534","44065","47384","45099","43508","44092","44571","45242","59975","45384","46347","49166","50623","52626","55755","52513","51975","51683","53603","54479","74180","54953","56901","61641","59779"
"Смоленская область","22471","23527","23761","25162","25067","27943","24470","24503","24442","24253","24590","31160.2","23948","24545","25410","26158","26145","28302","25304.6","25006","25886","26219","26571","32854","26457","27181","27209","28850","29110","31072","28576","28727","28925","28893","29566","37307","28623","29074","29831","31141","31540.7","33009","30748","30336","30490","31239","31078","39235","31663","30725","31731","31863","32833","34578","32983.6","31374","32655","32598","31811.7","41718","33530","32142","33870","36475","35854","38287","35782","34617","35323","35286","36149","45853","37214","35407","39655","39500","39925","43558","40140","38664","40425","41733","41528","53749","43397","42467","44900","46077","47658","51140","47021","47269","47935","49293","50187","63234","52115","52141","54941","56426"
"Тамбовская область","20468","20569","21317","22156","23774","24528","22032","22312","22405","22734","23447","28173.9","22292","21441","23239","23125","25300","25680","23432.3","23733","23611","24281","24203","30008","24008","24059","24947","24840","27935","28336","25498","26024","25588","26206","26754","33252","25794","25530","27205","27528","29122.6","30001","28089","27817","28038","28979","28932","36487","28100","27686","29858","29804","31002","31406","30491.3","29895","30439","30779","30082.2","37268","29178","29084","33132","31854","33783","34641","32431","31555","33097","33302","33914","48300","33361","31791","36515","36568","37462","40516","36646","37317","37979","41156","40079","52883","39565","38871","42240","41562","45106","46847","42075","42935","44277","45802","46391","60613","47322","47351","51773","50906"
"Тверская область","23456","24690","25155","25456","26301","28348","25279","25026","25853","25527","26091","31989.5","24850","25736","26353","27063","27704","29182","26576.4","25756","27155","26879","27504","33852","27300","28416","28963","30045","30530","32627","29707","29574","29613","30278","30764","37769","30517","30855","31322","32642","33392.3","35013","32330","32322","33246","33004","33168","41298","33560","33250","34258","34643","35614","37443","33392.1","32065","33355","34180","33736.2","42773","34297","35614","37027","39669","40123","42322","39498","38118","40005","39262","40295","50080","39997","39249","43773","44042","44643","47688","43335","42606","43422","45203","45365","58713","46276","46388","49609","50554","52378","55289","51081","51081","50879","53253","55804","72395","56301","56864","59928","62143"
"Тульская область","26724","27130","27912","27862","28817","30100","29211","28782","29259","28849","29154","34994.3","28564","28844","30681","30602","31040","33022","31036.5","30535","31183","30732","31401","37671","31840","32167","33163","33888","34237","35545","33869","33662","33274","33455","33933","41198","34211","34215","36176","37377","37353.2","39478","37667","36566","36668","37002","36757","46503","37832","37525","39144","37799","39999","41048","40764.7","38760","39093","38890","38013.9","49280","39333","38750","42352","42880","43241","45692","44756","42413","43465","44259","44225","55342","45862","43883","49731","46775","48332","52576","48446","46962","47964","49079","49270","62908","50539","51196","55874","55033","56707","61674","56692","56532","57063","59140","60096","79541","61600","61979","66607","68031"
"Ярославская область","25725","26022","27410","28002","28997","29911","27535","27317","28038","28318","28950","35444.5","27766","27890","29505","29847","31069","31883","29367.2","28815","29446","30652","31425","38377","31460","31542","32819","32939","34039","35359","32961","32236","32685","33427","33882","41869","32895","32424","34850","35066","35860.2","36954","35570","33938","34585","35357","34934","44307","35137","35170","37112","36748","37314","37774","38481.2","36705","36889","37664","36836.7","48262","37183","37036","40044","41291","41292","42893","41069","39044","40652","40954","41917","53291","41505","40189","45050","45794","45499","48782","45333","44791","45232","46841","47556","61579","47951","47734","50506","51938","53968","56620","52557","52171","52794","54729","55070","73491","55256","57194","62338","61167"
"г. Москва","60162","67092","70551","74733","69772","73215","69015","68728","66920","67025","67899","98435.5","61277","67219","72129","77694","69460","77565","70819.7","67655","69122","69847","70993","104052","70251","80183","84081","89318","81064","90094","80999","77618","77274","79151","78946","113988","79680","85370","95179","102907","89044.8","96030","91607","86733","86684","89129","88657","135375","88845","92390","105238","101551","91823","98700","98930","90304","93062","94065","95314.1","153647","93059","104451","116355","117769","105246","109306","108520","98974","102233","103393","104877","172553","103124","114701","146044","120501","113671","123688","115294","109060","113895","113163","113722","185645","111898","120098","141925","137296","127327","138717","128329","122329","125394","134023","128849","218637","131745","146248","179097","157447"
"Северо-Западный федеральный округ","36719","38819","40358","40093","41278","43006","40618","38914","39508","40089","40521","52371.9","39840","41320","43586","43835","44629","47091","43953.6","42538","43262","43874","44630","57675","46775","47109","48624","48712","48977","51726","48980","46757","47221","48080","48489","62351","47568","48868","52223","52636","52478.6","54543","52600","49841","50200","51819","51277","67627","52175","53958","57575","53164","55793","58632","56710.9","53103","55672","55752","54357.5","74357","55636","57985","61289","62711","62664","65477","61812","58291","61463","60576","61872","84162","62270","65814","73365","69226","69581","74781","68979","66016","67834","68784","69659","96790","69712","74675","77065","77704","81174","85490","78264","75713","77155","80427","79413","109015","81523","87109","89916","89081"
"Республика Карелия","29920","31717","31192","31425","33664","35768","31468","31037","31576","32173","32112","38991.8","32761","33792","35118","34788","35265","37516","34187.6","31332","33227","33242","34476","43397","34733","37141","37272","36203","39421","43470","37575","36305","37505","38505","39755","48854","38908","40103","41257","41080","44490.5","46606","42301","38989","40676","41524","42188","54900","42855","43708","45288","44129","47313","50345","45184.2","42066","44403","46331","44047.5","58487","46470","45324","47699","48358","49984","54514","47290","44533","47473","47754","47949","64294","51991","50752","54428","52869","57059","61260","53593","51067","52996","53999","54027","71827","57634","59699","60705","61113","66182","71616","61706","60736","62215","64769","63282","84557","69548","66613","73130","70118"
"Республика Коми","40969","41146","42897","44054","46701","48066","42144","40926","40434","40613","41285","51985.9","40774","41829","44340","45475","49622","48592","43591","44142","42993","43058","44748","56351","46073","47717","49005","49831","55830","51938","49588","48173","46950","47680","48316","60455","49205","48865","51055","54801","56732.2","55070","53406","51309","50026","51058","50417","66130","52853","52591","54920","56629","61270","59386","57577.9","54789","54589","54127","52364.4","70421","55538","54889","57685","60229","65664","62388","60198","56516","55378","55694","56092","76378","60121","60998","65816","67971","70514","68816","69148","66930","64254","65817","65408","87937","70552","69408","73659","73500","86174","80084","76584","73664","70970","72834","73211","100862","78762","78302","82660","85875"
"Архангельская область","38593","37553","39885","40275","44072","45268","40495","38251","39185","39664","39805","49152.3","40119","39402","40653","42069","46123","47331","41914","40173","41771","41434","43478","53335","44797","44594","45508","47039","50403","53286","46833","44736","46190","46750","47526","58503","48186","47739","48216","51233","54942.5","55930","51015","48387","48744","50934","50593","65000","51334","52104","53034","53838","58637","59331","54797.8","51972","52975","53517","51951.4","66943","54955","54679","57130","59057","61992","66108","58115","54914","58326","58105","58927","77240","60365","59202","62571","64802","69186","74993","65469","61830","64913","65436","66983","88499","68303","68154","71120","72022","79041","83422","72257","69274","72752","74078","75362","99743","77719","78570","81352","81956"
"Ненецкий авт. округ","71601","65272","70950","71649","80029","76576","70173","65245","66006","67387","66211","87751.3","71636","66525","71920","76616","84418","79706","68250.2","69106","68852","68903","71438","92879","80362","72467","80396","82561","92880","94038","79095","83628","75788","76499","77277","97556","83535","77082","81917","86861","99487.2","96825","83456","83755","79468","79910","80562","105423","88943","82490","87688","100624","97736","100589","87824.2","89141","84371","82289","81537.1","112190","93699","85311","92484","96709","102007","109432","94472","87298","88317","84579","86708","120807","100573","90590","99640","98937","108435","123706","104650","105314","97159","99801","98345","141152","111357","102138","112860","111520","130106","124032","118376","116939","106457","111728","111812","159586","124383","115887","130307","128294"
"Архангельская область без авт. округа","35851","35175","37126","37504","40987","42572","37910","35879","36728","37195","37531","45871.3","37493","37097","38003","39140","42973","44612","39698.5","37768","39557","39206","41192","50050","41784","42245","42543","44022","46884","49843","44142","41533","43770","44331","45125","55302","45256","45282","45358","48200","51182.4","52468","48246","45369","46164","48515","48101","61597","48127","49442","49971","49738","55301","55746","51939.6","48764","50334","51116","49516.6","63217","51788","52143","54226","55951","58738","62541","55099","52239","55869","55961","56682","73681","57009","56542","59402","61860","65763","70683","61989","57975","62097","62511","64306","83984","64582","65176","67450","68523","74562","79849","68205","65072","69814","70809","72197","94564","73664","75262","77004","77833"
"Вологодская область","26873","29420","29703","27837","29466","31225","28337","28625","28350","28829","29000","34732.6","28067","31091","31794","29647","31055","32383","30249.1","31023","31107","31629","31771","39332","32680","36050","34305","33480","35221","37364","34525","34969","34378","35481","36081","42640","35050","37844","39229","37228","38708.1","41147","37915","38286","38062","38567","39160","48015","39123","43973","43283","40288","42910","43990","39371.7","38787","41194","41975","40768.4","55522","40913","41679","43651","43855","45702","47785","44507","43856","44311","45568","45906","57699","45365","56823","54200","50147","52557","55126","51407","50376","49502","52020","52427","66914","52866","57629","57654","54909","60240","62829","56833","57070","56903","58279","58660","74294","68406","60048","77140","64409"
"Калининградская область","27440","27746","29088","29540","29914","30372","29514","28817","29147","28653","29342","38152.5","28509","29254","30429","31210","31157","32409","30768.7","30544","30628","30495","31166","38330","29171","29950","31326","32445","32033","32906","32579","31433","31424","32242","32473","41466","30775","31886","33784","33827","33837.9","34236","34056","33173","33051","34323","33843","43650","32763","34682","36165","35112","36661","36720","37575.3","36102","36258","37487","36719.9","48994","35854","35978","38138","40700","40777","41685","43202","39376","40119","40100","42698","56955","40948","42588","47092","46424","45276","47593","46440","44372","44557","47013","47308","63505","46930","46954","50193","52403","53499","56539","54795","52201","52348","56501","55134","74301","53535","56673","59912","63657"
"Ленинградская область","32810","34272","34922","35915","36033","36393","36159","35206","35075","35712","35491","42330","35090","36162","37943","38199","38796","39752","38862.8","38348","38069","38568","38912","46501","39078","40790","41983","41987","42887","43270","43055","42796","41321","42561","42434","49562","42094","42869","45187","46062","46562.4","46009","46177","45610","43971","45369","44719","53883","46145","46076","47592","47185","47545","48608","49328.3","47057","47260","47683","46562.6","58382","48818","48004","52156","52561","52349","52047","53062","50865","51137","51961","51634","65566","53088","52340","59391","58561","56724","60094","58650","56918","56586","58474","57559","75691","58903","60088","63894","65274","68727","68792","66135","66744","64973","67860","67344","86828","70883","73299","77580","78226"
"Мурманская область","45063","46365","46207","50499","53454","50841","47721","43330","44013","46320","47396","63276","47350","48432","48875","51789","56704","53498","50400.9","45327","48116","48865","50114","67949","52351","54678","54275","58878","61059","60608","57718","51621","52770","55979","56005","75413","55929","57704","58227","64327","68241.4","64995","64231","56403","58669","61823","62517","82628","63046","63502","65371","66856","74358","70874","69117.7","61272","63690","67155","65648.2","93654","69019","66804","70303","76270","80190","78159","73502","66604","72966","73779","75721","102627","75568","75864","90937","83081","91481","94709","83564","76537","79308","83102","82737","125336","88374","86174","90776","96193","104986","102746","97554","89637","91026","97523","96562","138180","104545","101961","111827","109059"
"Новгородская область","25343","26042","26720","26362","27826","28428","28436","27956","27830","27494","27358","34387.8","27193","26200","28384","27903","29380","29964","29845","29021","29049","28504","29028","35746","30349","28904","30069","30312","32244","32309","31303","30833","29797","30336","30820","37973","30623","29450","30893","31305","32180.1","32809","31948","31281","30709","31037","31168","37415","30700","30814","31098","31214","31892","32545","33614.7","32029","32005","32228","31727.1","39789","32180","33139","36230","37248","38627","39993","40793","39654","41055","39539","40907","54308","43794","40966","44486","44668","45026","47406","47026","45949","46173","46834","47762","63732","50869","47214","50117","49923","53526","56605","53804","52961","54712","53847","54623","73463","59722","56502","59105","59300"
"Псковская область","20693","21185","21414","21736","22532","23632","21872","21387","22039","22319","22027","26454.3","21169","21239","22565","22747","24331","24841","22972.5","22160","22606","22241","22964","30042","23175","25740","25398","25312","27177","28181","25998","26075","26677","26696","27339","34584","26469","26803","28260","28485","30100.7","31069","29024","28358","28970","29061","28800","36447","29208","29358","30723","29633","32473","33291","31401.6","30119","30693","31359","30027.7","39091","31162","31001","32816","33490","34683","37478","34367","33231","34966","34397","34940","44194","34764","34479","37211","38296","38302","42097","37676","37439","38070","38714","39411","48431","39378","39669","41639","41963","45013","47576","43103","42707","43828","45647","46158","57857","47230","48854","50291","50689"
"г. Санкт-Петербург","42104","45919","48407","46919","47370","50521","48483","46084","47192","47908","48591","65086.2","47436","49864","53271","53261","52269","57421","53586","51571","52605","53874","54353","72342","58598","57409","60343","59576","57190","62619","59604","56100","57331","57951","58310","77666","56586","58625","64413","63555","60751.8","65286","63207","59249","60205","62224","61141","83582","62513","65249","72001","62298","64265","70494","68216.6","63279","67935","66952","65464.6","92240","66078","71681","75521","76519","73944","79043","73925","69559","74608","72227","74143","103797","73522","79363","89679","82047","80698","88482","80900","77359","80770","80747","82449","117550","80112","90108","91936","92316","93366","101155","91587","88163","90926","95090","93054","130720","92526","104870","104108","103553"
"Южный федеральный округ","23985","24744","25583","26259","27500","28193","26777","26848","27128","26972","27114","34276.9","25715","25929","27558","28079","28911","30362","28284.9","27949","28409","28297","28506","36124","28686","29151","30328","30964","31919","33168","30987","30769","31045","31080","31209","39082","30632","30963","32610","33752","34552.2","35699","33700","33609","33878","34375","33959","43590","33808","33786","35884","34540","36288","37166","35133.2","34121","34810","35198","35426.3","47870","35652","35888","37899","39077","39796","41569","38391","37392","38703","38673","38858","51656","39412","39279","43361","43877","43931","46784","44246","43832","44801","45561","45681","60558","45846","46243","49341","49177","51639","54436","50989","50911","51057","52411","52536","69421","53531","54225","58609","59821"
"Республика Адыгея","20972","21507","22047","22093","23667","24943","21595","22096","22631","22400","23527","28358.7","21976","22618","23581","23029","24773","25922","22624.3","22766","23601","23741","25273","30752","24648","24796","25592","25841","27833","29027","25613","26514","26717","26665","27455","30975","26915","27214","28182","28802","30124.2","31817","28033","28276","29051","29391","29504","37113","29390","30006","30895","30243","33032","33805","30411.8","30436","30791","31599","31336.9","39570","31780","32045","32929","34186","36037","38516","33678","34004","34455","35119","36711","48140","36351","35391","37786","37461","39591","42515","38435","38622","39865","40499","42037","52421","41387","40563","42198","42330","45511","48668","43512","44737","46369","47134","48037","59759","49581","48490","51691","51901"
"Республика Калмыкия","18644","19660","19846","19326","22195","23266","19450","20406","21225","20561","21288","27655.6","20185","21003","21751","22046","24551","25531","21126","22326","22594","23217","23703","29793","23635","24040","24662","25063","27363","29049","23353","24802","26164","25616","25719","33855","25542","25691","26525","27110","29734.7","30723","26044","26756","28094","27813","27730","38096","27586","27924","29190","29740","35245","34309","30793.1","30415","31560","31636","31202.8","40839","30578","31559","31665","32313","34904","35584","29011","29492","32887","32571","32480","44958","32119","31429","33583","34147","37690","40859","32293","34480","35162","36182","36219","47486","37301","36711","38818","38200","42139","45240","36560","37844","38536","39857","40721","56520","43281","44239","46412","46552"
"Республика Крым","22979","22687","23875","23516","24632","28834","24853","24763","26222","24921","25105","30795.3","23836","23861","25005","25284","26323","30577","26064.8","24775","26385","25879","25795","31975","26345","26716","28645","28675","29257","33425","28106","27790","28465","28422","28400","36027","28117","28799","31263","31815","32625.3","36674","31654","31274","32742","34253","32565","42505","31684","31882","34520","32360","34029","38144","31623.8","30318","32196","32889","31924.1","41840","31454","33129","35580","37411","37480","42373","37863","35825","38826","37870","37743","50366","37549","35501","38896","39619","40540","45374","40505","39593","41416","42016","41786","54370","41625","41240","44496","44047","45564","50707","45173","43778","45166","46909","47433","64526","46804","47673","50285","51025"
"Краснодарский край","25233","25833","26906","27660","29098","28967","28362","28893","29004","28768","28429","35914.4","27211","27273","29389","29526","31297","31628","30412.8","30310","30592","30377","30283","38173","30617","30983","32501","32857","34476","34643","33091","33238","33537","33310","33258","40807","32756","32575","34413","35663","37331.8","37015","35729","35948","36039","36101","35334","44733","35799","35217","37964","36885","37774","37978","35820.2","35182","35650","36155","36661.5","50686","37729","37431","39682","40985","42406","43201","39261","38863","39569","39980","39813","52537","41100","42125","46892","47915","46861","49191","47440","47232","48236","48531","48751","64391","48585","50678","52481","52350","55685","56285","54820","55313","55125","56533","56320","75436","57935","58630","64058","66306"
"Астраханская область","23737","25083","24850","26265","29178","28604","26207","27424","26324","25324","26118","33914.9","24540","25925","27102","30942","28013","31518","28203.6","29860","28674","28053","28892","39893","29138","31863","30643","32493","36459","35577","32541","34133","32219","32172","32166","44757","32429","32546","33297","37593","35852.2","36911","34126","35615","33875","34601","35563","48355","35834","37087","37724","35800","43020","40067","38407.7","38413","37367","37033","36589.2","51306","36995","38378","39522","39695","44604","43477","39902","39794","40105","39695","40202","57008","40110","40764","42884","42997","49018","49338","45117","47210","44632","45081","45946","66338","46151","46493","49809","50752","54862","56386","51580","52335","49866","50482","51176","72547","52409","53437","55980","57383"
"Волгоградская область","23229","24077","24614","24978","26217","26969","24981","25070","25179","25004","26085","32580.3","25555","25539","26550","27104","28162","29367","27041.9","27202","27391","27302","28222","35311","28748","28483","29126","30383","30626","31607","29760","29490","29075","29391","30097","37777","29684","30136","30806","32264","33079.2","34025","32690","31953","31764","32192","32720","41197","32592","33028","34614","33772","35393","35835","35962.5","34683","35088","35117","34491.6","46446","34984","34098","36686","37921","37915","39442","37448","36282","37268","36948","37980","49901","38308","37158","41524","41232","41263","44264","42015","40893","41152","42292","42229","59041","44938","43234","46588","46787","48909","51451","48463","48333","48051","49055","49431","67857","51661","51323","55356","57254"
"Ростовская область","23403","24162","25161","25856","26320","28285","26619","25723","26599","26791","26776","33992","25432","25708","27392","28045","28247","29759","28058.2","27066","27653","27978","27910","35308","27594","28204","29435","30238","30125","32084","30606","29480","30224","30634","30647","38033","29599","30392","32107","32769","32829.3","34707","33163","32769","33285","33873","33716","42989","32943","32935","34696","33202","34561","36006","35263.4","33686","34659","35094","36236.7","47582","35574","35700","37568","38544","38017","40348","38549","37006","38604","38657","38693","51285","39079","38718","42751","43313","42797","45790","44132","43327","44733","46126","46134","59077","45471","45271","50022","49551","51115","55751","51427","50895","51454","53087","53016","65494","52922","54123","58569","58560"
"г. Севастополь","23651","25511","24799","26698","26616","29258","26002","25063","26277","26274","25579","36662.5","25463","26095","28144","26259","25659","28166","26173","25178","27043","25827","27456","37454","28032","27773","29894","29279","29575","32704","29965","29004","30972","30242","31008","44137","29865","30525","34244","33105","33325.7","36648","32916","32199","33713","36183","33891","50372","33314","33747","35472","32657","36206","39194","33900.5","32811","34056","34419","33443.7","48712","32385","38643","37462","38271","37851","41697","38047","35817","38991","37864","39182","53315","38442","37801","40983","39502","40737","45286","39434","39006","42641","42574","42207","59470","42560","43112","45724","45099","45846","53057","45600","44624","46045","46371","47699","66893","49028","50170","54846","54107"
"Северо-Кавказский федеральный округ","20560","21399","21798","21750","22761","24524","22782","22362","23008","22408","22953","29240.5","21632","22142","23164","23207","23977","26016","24436.9","23304","24602","23680","24539","31413","24389","25384","25739","25795","27244","28953","26537","25878","25944","26152","26530","33671","25674","26324","27765","28296","29468.4","31362","28780","27490","28562","29171","29140","38381","29187","28820","29849","29087","31738","34284","30346","29788","30748","31048","30433.9","41638","30194","30627","32054","32560","33755","36097","32988","31426","33054","33052","33605","46355","33457","33162","35313","35743","36589","40100","36200","35258","36359","36966","37400","50869","37418","37399","39853","39791","41701","45945","40069","39481","40057","41621","41950","57672","42107","43764","47023","47555"
"Республика Дагестан","17783","18981","19303","18654","19982","22103","19366","18455","20156","19269","19840","25516.9","18781","19689","20531","20253","22383","25473","22053.3","20509","23005","20308","21522","27056","21699","23166","23900","23383","25289","28158","24023","22886","24314","23938","24550","31862","24083","25160","26195","26575","27493.4","29857","25749","24229","26134","26443","26645","37490","26779","26899","27924","27906","30449","35491","25832.2","26961","29993","29478","28894.6","41675","28731","29079","30708","30646","32396","36429","29459","28801","31843","32015","32343","43712","31169","31817","33081","34085","34667","40103","32831","31230","34131","35093","35157","50068","35202","35522","36765","36910","38913","44516","35129","34470","36637","37387","37949","53166","39102","40467","42213","42559"
"Республика Ингушетия","20118","21431","20734","20525","21797","23498","20993","20767","20963","20626","21356","25480.4","20669","21078","21312","21346","22760","25115","22586.5","20391","21421","20667","21914","25765","23362","25096","25999","25004","28625","28766","23744","23499","24288","24314","25663","29843","25006","25319","27313","26614","31608.5","30651","24306","25066","25719","26452","27214","32969","27835","27699","28310","27733","31656","35017","28841.7","29173","30336","29820","28424.1","36802","29984","29953","30479","31339","35182","32093","27551","27912","30723","30445","30742","38359","31148","31349","31350","32509","37138","34809","28212","29962","31100","32179","31871","41357","33090","33819","34765","35484","40829","39474","30563","32163","33754","34713","35073","47894","37376","37755","40622","38186"
"Кабардино-Балкарская Республика","19725","20497","20594","20362","21281","22568","21381","20799","21233","20914","21359","27119.7","19820","20142","20691","21188","21219","22362","22137.8","20980","22515","22328","23352","29499","23826","25161","25143","25679","25441","28313","23490","22873","23948","24427","25318","32622","25157","25030","25503","26603","27848.9","31457","26471","25561","26689","27245","27597","36638","27759","27761","27045","28006","31536","35228","27221.8","27089","28665","29742","28493.7","40069","28987","28762","29293","30509","32609","34417","28649","28132","30500","30633","31156","40423","31662","31398","32073","33520","34835","39124","30875","31760","32932","34231","34905","47622","35799","35787","37023","37214","39702","46732","35994","36048","37897","39593","40524","55536","41575","42014","43233","43248"
"Карачаево-Черкесская Республика","19640","20323","20598","20140","21171","23108","21516","20657","21664","20585","21540","26425.9","21143","21488","22240","22187","22763","24771","23212.8","21480","22314","22507","22732","30021","23653","23449","24215","24856","24742","27025","25464","23947","24455","24478","25699","32014","25032","24380","25261","25949","26733.4","29080","27539","24924","26520","26507","26705","35726","26970","27226","28644","27987","28952","32800","30765.2","28115","29088","29436","29230.6","40028","28936","30791","30722","31128","31234","35351","33185","29041","32038","29908","31210","41990","31271","32080","34767","34536","34726","39051","35394","32740","34644","33975","35302","45019","35899","35837","38154","38034","39286","43781","39094","36821","39202","39247","40351","55437","41246","43057","45489","44589"
"Республика Северная Осетия - Алания","20170","21388","21271","20707","22871","24600","20829","20439","21168","20965","21683","28911","21179","22066","22413","22602","23598","26695","22589.6","21189","23134","22611","24129","36407","24234","25885","26361","25744","27020","30084","26784","24349","25351","25488","26108","34143","26058","25427","27284","27568","28872.5","31415","27615","26291","27200","27634","28588","37487","27596","28463","28437","28801","32912","32721","29353.3","28258","29129","29882","29134","40572","29595","29822","30820","31555","32916","36493","30424","28681","31415","30666","32278","46564","31588","32621","33761","35260","35916","40713","34275","32675","34473","35600","36635","50829","36848","37795","38752","38969","40110","46316","38725","37434","38752","40150","41804","55482","41703","43364","44389","45206"
"Чеченская Республика","21196","21914","22364","21897","22301","22999","21816","21189","22326","22376","22646","27571.8","21928","22825","23281","22768","22874","23661","21584.5","21125","24168","21729","22464","29138","23807","24340","24999","24565","26590","26116","25389","25148","25622","25745","26108","32599","25024","25883","26478","26595","27716.5","27443","26650","26098","28597","28748","29397","34336","27109","27980","28856","26947","29963","31751","28765.7","28555","29622","28606","28909.6","36466","28258","29203","29712","30247","30168","31085","30363","28372","29898","29590","29620","44789","30112","31685","32120","32833","32941","34183","33844","33126","33264","33373","35067","42633","34457","34102","37426","36199","36268","41695","35318","35699","36522","38048","38511","47983","37882","39663","40644","40129"
"Ставропольский край","22187","22836","23509","24081","24861","26803","25727","25688","25685","24962","25505","32760.7","23665","23839","25449","25750","25992","27813","27671.7","26773","26787","26975","27586","34549","26343","27110","27123","27697","29077","30453","29132","29001","27769","28340","28256","35677","26937","27941","30019","30784","31812.8","33888","32458","30995","31099","32164","31397","41638","32328","30849","32527","31088","33321","34701","34441.1","33010","32580","33682","32892.8","44651","32323","32660","34839","35465","36454","38414","37953","35988","36151","36581","37182","51074","37331","35274","39217","38799","39718","43018","41425","40507","40649","41112","41085","56799","40852","40511","44031","44173","46512","49080","46972","46141","44930","47253","46900","66313","46285","48378","54386","55942"
"Приволжский федеральный округ","24635","24976","26028","26754","28063","28352","26616","26825","26950","26691","27231","34355.4","26191","26581","28092","28581","30135","30321","28292.5","28397","28591","28764","29169","37163","28758","29343","30534","31126","32773","32758","31149","31209","30951","31467","31822","39680","31087","30952","32820","33765","35292.1","35570","33677","33442","33369","34276","34556","43786","33918","34103","35711","35162","36961","37532","36236.8","35463","36215","36350","36278.6","47607","35975","36325","38667","39618","40584","42398","39387","38400","40152","39759","40982","54217","40449","40307","45408","44847","45733","48061","45692","45020","45779","46454","46871","61731","47101","47782","51385","52540","54868","56550","53996","53552","53906","55491","56044","73749","56442","57406","64220","62567"
"Республика Башкортостан","24922","25163","26163","29066","28840","27875","26786","27519","28109","27218","28109","34050.2","26900","26916","28093","29140","31983","30743","29431.2","30187","29866","30035","30620","37694","30190","30411","31655","32087","35213","32991","32292","33028","32478","32857","33137","39746","32248","32332","34996","35841","37403","38719","36099","36540","35779","36638","36267","44208","35783","35570","36571","37124","37890","40278","38271.2","37854","38358","38324","38396.9","50613","37563","37332","39673","40709","41933","44250","40641","40432","41138","40818","42233","53047","40860","41347","46579","47307","47524","48574","50639","48605","48392","48456","49085","61537","49598","49427","53658","54070","56845","57205","58784","56414","56130","56903","57409","73604","57086","59165","67183","64284"
"Республика Марий Эл","20332","20296","22104","22076","24667","24572","23726","22648","22513","22098","23094","31118.1","20994","22815","26816","23617","28832","27014","24657.2","24737","25235","24756","27401","31527","24953","25273","26591","26029","27724","30558","26960","27056","27388","27151","28232","33768","26938","27259","29578","28674","30441.6","32610","29234","28907","29284","29254","29829","37446","29153","29516","30833","30361","31684","33868","31256.3","30680","31029","32250","34519.5","40669","31413","31441","32824","33602","34760","36861","33920","32548","34040","36488","39777","44750","33216","34418","38141","38300","39138","42640","38382","38082","42537","40635","41871","53735","40283","42148","43750","44112","47902","51364","46998","46961","47443","52050","51074","65951","49913","52185","54783","56604"
"Республика Мордовия","20285","20619","22267","22652","23258","24460","22967","24315","23860","23284","23784","28381.1","21981","22087","24134","23604","24727","26208","24666.6","24864","25358","25150","25282","30828","23958","24763","25775","25586","26560","27586","27432","26964","26168","26355","26999","32749","25888","25900","27262","27549","28245.9","29353","28918","28458","28061","28475","28739","35726","28005","28514","30141","29262","30697","32076","31681.7","31408","31552","31032","30595.8","37871","29932","30404","32771","33288","33693","36171","36150","33517","34476","34374","34856","43666","34798","34203","38492","37676","39759","40841","39437","39159","38604","40103","40109","50596","40760","39746","42154","44909","45444","47801","47118","45933","45442","47118","47452","60015","49968","49500","52787","54871"
"Республика Татарстан","27988","27843","29279","29681","32211","31748","29589","29794","29655","29463","29943","38623.6","29300","29645","31543","31874","33377","33433","30848.6","31448","31486","32277","32358","41842","32165","31889","33179","34863","35935","35312","33761","33894","34117","34867","35722","45310","34407","34002","35335","36837","38732.2","37518","35972","36363","36885","37708","38289","47500","37040","37152","39071","37078","39020","38556","37663.2","38034","39488","40151","40043.8","51855","39571","39563","41656","44212","45759","45136","42391","42154","45498","44475","45976","61859","46325","45889","51074","50580","52789","53490","49202","50315","51332","51681","52144","68815","53633","53645","58233","58907","62813","62557","59578","61543","61990","62460","64659","81985","63410","63628","72410","70148"
"Удмуртская Республика","24695","24093","25347","25770","27807","27814","25944","25910","26383","26682","27046","32191.6","25694","26493","27216","28218","30134","30703","28049.4","28203","29405","29325","30005","36307","27628","29435","30689","30836","33742","33858","31147","31039","31587","31037","31990","36936","31144","31185","31957","33386","36634","35150","33548","32748","33752","33786","34141","41051","33974","33834","34773","34957","37342","38075","34884.3","34654","35190","35036","35033.7","43570","36196","37008","39709","36643","38003","40584","36759","35391","37395","37985","39681","47414","38909","39613","43363","44173","44421","47266","44252","42553","44184","44931","45694","56153","46625","46308","49564","50524","51107","53674","50749","50013","53425","54103","54241","67970","56404","56927","62513","60116"
"Чувашская Республика","19956","20364","21652","21467","22342","24749","21582","22437","23573","22972","23004","28962.1","21789","21983","23506","23592","24743","26974","23305.3","23785","24273","24675","25050","31037","24333","24508","25913","26019","26912","29064","26178","26882","26667","26658","27028","34105","26271","26203","28229","28869","29795.7","31481","29044","28797","28999","29844","29859","38180","28807","29268","30824","29994","31917","31789","31131.1","31332","32101","32846","31232.4","41331","30795","31113","33746","34408","34889","38061","34316","33150","35781","35201","36900","48008","35015","35347","39406","39528","40000","44165","39360","39615","40821","41182","42446","56054","42393","42870","46652","47122","49195","53490","47830","49323","49524","51354","52804","68657","50812","52381","56825","56260"
"Пермский край","27347","27883","29344","29732","30391","31992","30433","30025","30168","29914","30389","40244.4","29522","29841","31884","32565","32767","33877","31185.1","31027","31420","31347","31983","42193","32009","32754","34480","35247","36134","37067","34319","34257","33714","34439","34809","47484","34035","33932","36919","37721","38887","40614","37150","37067","36948","37773","37986","52684","37014","37849","40480","39338","41927","42885","39894.6","38803","39018","39847","39849.9","55548","39091","39176","43016","43842","44829","47072","43108","42558","44106","44632","45746","64960","45151","44302","52087","49843","50726","53972","49145","49504","49626","51506","51479","74055","50914","50632","56085","58113","59799","63680","59010","58162","58312","63268","61585","87375","61467","63416","69081","71263"
"Кировская область","21748","21539","22887","22761","23713","25211","23387","23326","23130","23542","23671","28671.1","22898","22581","24163","24217","24900","26795","24742.7","24098","24715","24810","25040","30914","25163","25316","26564","26681","27874","29617","27576","26974","27117","27376","27580","33453","27406","27303","28365","29318","30267.1","31507","29701","28940","29119","30077","29574","35939","29935","29887","30951","30889","32807","34059","33285.7","31738","31967","32304","31588.4","38922","32254","31696","33356","34460","35165","37328","34972","33970","35706","35109","36014","44650","35752","34439","38564","39308","40221","43599","40081","39423","40173","41521","41106","51050","42520","42275","45358","45427","48167","51459","47009","46859","47109","48656","49106","61428","50289","50764","54024","54256"
"Нижегородская область","24959","26241","26731","27673","28570","29323","26889","27163","28040","27481","28717","37261.5","26727","28530","29290","30301","30865","31479","29063.5","29199","29303","29402","29883","43005","28980","30999","32399","32936","33395","33900","31529","31692","31170","32514","32973","42519","32998","32041","34735","35952","35354.5","36656","34646","33909","34012","34867","35876","48768","33658","34897","37475","35819","36533","37310","36631.9","35634","36843","36558","36702.7","50996","35032","37798","39415","40178","40433","43071","40049","38529","40763","40163","41156","57358","39928","41413","46536","44097","44030","48736","44438","43273","46495","45795","46239","65383","44296","48610","50885","52889","54308","57636","52243","52066","52649","54093","54862","74419","55659","56479","63033","62612"
"Оренбургская область","23821","24287","25159","25823","27524","27221","25434","26443","25698","25258","25393","31470.7","25319","25180","26604","27125","29285","28204","26768","27129","27226","26661","27383","32925","27499","28832","29222","29283","32388","31207","30100","30452","29777","29633","29892","37850","29874","29847","31129","31494","35199.5","34606","32390","32979","32198","32595","32069","39632","33161","32512","33900","32893","38176","36639","34462.1","33776","34614","33582","33373","43507","34601","34801","36958","37241","39921","41181","35715","36276","37843","36800","37021","49391","38572","37491","40258","41421","44214","45411","44349","43102","42600","43318","43806","57244","45804","46758","50771","50223","55206","55458","50818","50290","51742","52160","53414","73256","54014","56552","63515","58825"
"Пензенская область","22693","22839","24101","25114","25395","25987","25709","25770","25259","25309","25566","31318.7","23549","23872","25875","25470","27047","27320","27153.6","27487","26297","26380","26463","32008","24571","25197","25324","26580","28501","29892","29034","29404","28668","29424","30112","33342","27496","27590","28438","29468","31291","30545","30425","30167","30465","32015","32265","39295","32710","32262","31438","31201","33446","33295","33042.1","32449","32143","32710","31820.9","40927","34441","34167","35744","36167","36535","35604","35933","34532","34468","34339","35247","45513","36284","35457","40497","40091","40197","42476","41098","41118","40279","41465","41937","53932","42245","41524","44374","46282","47475","49151","47454","47952","47208","49322","50408","64666","50045","49800","54304","53619"
"Самарская область","25872","26387","27140","27218","30076","29916","28342","28180","27934","28022","28412","34700.6","27594","27257","29212","30215","32260","32021","29877.1","29065","29567","30042","30242","36519","30286","30368","32258","32699","35327","34587","34052","33273","32852","33615","33086","40651","32399","32753","34726","35408","38325.1","37697","36510","35274","34857","36267","35896","44670","35215","35605","37044","38012","39210","39427","39159.9","36724","37862","37841","37967.5","48983","37494","37418","40686","41675","42594","45906","42887","40087","42155","41189","42669","57987","42013","40807","47751","45890","46176","48461","48276","46585","46611","48490","48448","61582","48037","48453","52623","54052","55948","56225","56827","55189","55200","56184","55964","74108","58461","59043","70626","64082"
"Саратовская область","21677","21923","22521","22972","23774","24266","22798","22698","22794","22634","22961","31196.5","22610","23133","23960","24027","25070","25546","23921.2","23980","24183","24259","24478","31403","25275","25518","25644","26364","27254","27788","26209","26075","26102","26409","26555","32575","26047","26104","27452","28428","28771.5","28691","27252","27029","26647","28224","30213","37413","30366","30367","31691","31906","33850","34351","33673.9","32768","32973","33005","32738.3","43020","33113","32794","34758","36667","37283","38891","36636","35969","36653","36570","37145","48589","37354","37035","40803","41012","42361","43890","42024","41538","41183","41619","42200","56733","43311","44337","46052","47913","49861","51354","49907","48715","47571","49937","50286","66096","50947","51375","54873","55266"
"Ульяновская область","22205","22847","23711","23656","24368","25443","23876","23905","23930","24246","24576","30415.1","24134","24069","25406","25353","26255","26809","25972.1","25147","25693","26010","25872","33472","26714","26462","27400","27327","27757","28566","27248","27496","27511","27984","27927","35715","27837","27855","29145","29981","31028.6","31644","30245","29803","29509","30638","30511","39101","30707","29566","31517","31325","32567","33522","32586.5","31376","32087","32370","32911.9","41242","33137","32517","34489","35955","35278","37047","35710","34701","35185","34805","36432","46633","35905","35155","39100","40136","40376","42741","40377","39503","39984","42487","43416","53160","43224","42477","45411","46804","47534","50298","47899","46236","47268","49791","50162","68694","50591","51102","55374","55803"
"Уральский федеральный округ","38039","37998","40412","42037","44147","44079","40552","39410","41251","39958","39742","53179.3","39672","39815","42874","45433","47724","47449","42402","40666","42374","42173","41717","55130","43099","43581","46698","47207","51417","50238","46410","45192","46161","45064","45190","59752","45683","46073","49299","50983","55333.8","53667","49468","47812","49062","48680","47858","64593","49402","50457","53278","52226","59004","56510","52202.5","50327","53038","50842","50424.4","70684","52149","53945","56932","58804","62654","65658","58054","55373","57997","56704","57556","77701","58899","59386","66965","65362","69393","71630","68705","64195","67144","65982","66218","90518","67248","68715","73633","74153","81463","81944","77643","73553","76203","76258","75646","103136","78898","82363","90893","86723"
"Курганская область","20931","21113","22597","22021","24453","25174","22735","22676","23089","22944","23491","29324.8","22589","22446","23862","24048","26561","27260","24771.7","24529","25640","25657","25022","31571","25548","25510","26622","26502","29707","29507","27400","26981","27085","27018","27887","33553","27616","27310","28372","29403","32226.7","31773","29316","29879","29580","30253","30033","38667","30060","30394","31049","31928","33572","34439","32468.9","32268","31895","30874","30813","42649","32516","31666","33880","35182","35899","37794","34314","33376","35033","33936","35101","45578","34410","34258","37271","39563","39900","42964","38367","38950","39912","41647","42206","57025","41725","42558","45609","46092","51660","53072","48612","48575","50372","51020","51732","69781","53235","54942","58368","57244"
"Свердловская область","29962","29874","31310","31782","32826","34128","32046","31638","32280","32631","33321","41029.9","32257","32862","34061","34662","35985","37439","33061.1","32050","32670","33686","33623","41646","33809","34438","35337","35911","38730","40338","37805","36471","36787","36222","37605","47242","37210","38084","39128","40168","41689.2","42702","40273","38624","39653","41079","41155","50909","41080","40941","42067","41114","44012","43901","41649.9","41199","42241","42630","42537.1","54298","42947","43413","45513","48000","47890","50999","47280","45779","47976","47862","49692","62812","49323","48098","54382","52791","53726","57345","53706","52473","54517","55620","56705","73725","56305","56538","60719","61464","62663","66947","62718","61957","63172","65910","66441","88578","67244","70745","73443","74966"
"Тюменская область","54950","55161","59319","63085","67432","65263","58536","55512","59785","55279","54077","78722.2","56267","56017","61906","67376","71683","68431","61564.7","58322","61943","59737","58645","83716","62084","62882","69656","70334","77614","72097","65581","63801","66179","62979","61937","87465","64408","64397","71193","73572","83024","76769","70052","67849","69345","66333","64493","93716","68706","71615","76156","74904","89253","81710","75053.7","71242","76244","70398","69703.1","105852","73566","76958","81268","82076","92697","95979","81322","76754","80796","76711","76474","110646","80794","83559","93030","91167","100074","100810","99299","88860","94343","88332","87292","126391","90950","95260","101275","100323","117640","112555","108521","98805","103693","99406","96866","138656","102951","109311","126754","113019"
"Ханты-Мансийский авт. округ - Югра","57415","57026","63101","61447","70641","71075","60900","56362","65031","57276","55641","87979.7","58626","56903","64635","64768","74159","73340","63000.1","58867","67116","61508","59552","93660","64152","64542","72917","67551","78191","76795","67599","65065","71580","64575","62555","95941","66308","65384","73415","70582","85427.3","81567","72130","68393","75149","67765","65040","101983","69516","72050","77970","73349","89603","83855","76072","71948","79628","69536","69722.5","112295","72687","76346","83301","80614","89757","102945","82181","75737","86099","76840","75845","120180","80837","84064","94813","91521","98215","107332","104484","88220","104047","89343","87375","137986","91667","93336","104593","96132","115411","119270","112564","97187","110243","99060","97472","152302","103864","108951","132624","110823"
"Ямало-Ненецкий авт. округ","77880","77993","80438","101554","94769","86720","82526","78247","77393","75630","74205","98971.3","80260","82329","86741","110636","105617","93377","86971","84205","81841","82769","81481","102750","88232","91312","96772","112884","117682","98366","91308","90869","86013","86532","86560","113624","91442","92193","96391","117691","120671.2","104035","97385","97365","89703","90694","89778","116810","98645","101040","104927","111955","141319","117335","106530.7","100890","105398","100602","96622.2","140808","107511","109693","110891","119137","143479","127719","110479","108320","104116","105656","107162","137679","116828","119510","130343","130038","158333","135765","133318","127193","119453","121688","120919","158710","128383","136319","138094","152129","179683","148290","144786","140715","135115","135405","131641","168089","142150","149951","169290","162205"
"Тюменская область без авт. округов","33827","35078","37434","37262","41907","39917","36925","37255","38093","37011","36736","49016.4","35547","35936","39825","40912","43525","42619","41095","38767","39068","40237","40715","53559","40176","39990","44843","44396","48590","45961","44031","42635","43486","43910","43729","55663","42425","43174","49636","47124","52382.1","49586","47228","45806","45259","46343","44906","62779","45332","48989","51525","49863","49994","51452","49253.9","47146","47887","48418","48653.2","67661","48397","52056","54393","54908","57002","59035","56662","53235","53378","53483","53142","73555","52587","54701","60791","60039","57239","63025","64176","59703","58953","60342","60544","82126","59974","65499","66426","65588","71459","73206","72966","67850","67773","71028","67938","92894","70132","77525","83402","77522"
"Челябинская область","29158","28652","30166","30720","30988","31900","30474","30161","30389","31270","31095","37503.7","29264","29285","31040","32335","32727","34305","32037.3","30997","31713","32600","32512","38246","32960","32680","34149","34554","35424","36402","34271","33775","33873","34984","34944","42401","33803","34167","35697","37392","38403.8","39458","36161","34931","36407","37184","36471","46361","36351","36357","39410","37887","39735","41023","36902","35670","38005","37272","36801.5","47209","37045","38768","41185","43838","43724","46217","43001","41216","42518","43730","44802","55677","44301","43084","50409","48513","50034","52254","48251","47355","48132","50714","51735","65198","50962","50217","54822","57252","58313","61604","56749","55865","57361","60233","60700","75548","63557","63052","67450","69323"
"Сибирский федеральный округ","28723","28508","29922","30547","32545","33260","30183","29799","30630","30862","31348","39699.3","30637","30570","32667","33198","35292","35725","32324.2","31934","33025","33526","33973","42989","33910","34492","36330","36625","38728","39955","36115","35334","36472","37235","37601","46522","36851","36980","39647","40439","42374.5","43224","39344","38434","39406","40701","40559","51825","40439","40005","42544","42945","44954","45979","42431.8","41328","42388","43077","42813.9","56801","43451","43024","45733","47586","48593","52282","46431","45346","47481","48385","49405","64196","49076","48418","56769","53736","55191","59184","54606","53197","54884","56106","57232","74342","56831","57224","62183","62151","65348","68165","62842","61683","62807","65872","66609","86853","67616","68594","76032","73244"
"Республика Алтай","21885","22499","23172","22514","24464","28603","22444","21976","23158","22583","23610","31032.6","22655","23978","23755","24670","26925","29837","23703","23099","26301","24826","24997","35026","26437","26889","28382","28406","31422","35501","28349","28445","31029","30548","30748","40025","28848","29914","30758","32063","34081.1","37510","29909","29582","31944","32343","32500","44851","32042","33321","33729","34284","38671","39970","33646.7","34019","35308","35573","33864.8","49744","34915","35400","36531","37404","39331","43868","34503","34658","38978","36666","37494","54673","37724","38691","40449","40993","44358","50424","39358","39041","42685","42095","42924","62580","44333","46534","48397","48418","51164","57476","46457","46355","48484","50760","51298","72276","53375","54457","57011","58118"
"Республика Бурятия","28132","27838","28950","28904","30353","34014","28684","27138","28861","29886","30988","39183.9","28660","28821","32115","31307","32161","35260","30413.9","28475","30382","31792","33400","42296","32318","31967","34596","35490","36971","41474","34547","32332","35038","36092","37867","47040","34981","34446","37334","37949","39744.7","42800","37121","35112","37785","38846","39985","51580","39100","37980","40665","39836","43429","45852","39095.8","36219","39250","41006","41010.6","55611","41756","40207","43213","44557","44717","48686","40448","38853","43386","43653","46402","60632","44267","44793","50923","49996","53832","58345","50236","47883","51371","53008","53958","78735","56438","53546","58481","57696","61904","67270","57585","54700","58824","61505","63006","89282","64041","63363","68800","68827"
"Республика Тыва","27290","27115","28275","27460","31310","38245","24076","24448","28231","33402","27727","39214","27699","28650","29528","29649","33546","36490","24702.1","25024","28951","35262","29987","39582","30713","31159","33537","33132","35039","43788","28667","29420","36067","42854","35619","47017","35918","35430","37273","36810","40270","48554","32713","34803","37010","37667","43127","51057","38151","38863","41034","40108","46868","51304","38361.4","39448","42565","42318","49214.7","58237","41431","40715","42949","44244","45187","57798","37540","37971","44437","46550","54092","60190","45955","44318","48654","49172","54003","63716","41385","42473","48492","49642","58120","69915","51565","51519","55406","53817","65300","67202","46686","47762","52894","56061","65155","73370","59553","60350","62937","63457"
"Республика Хакасия","29312","29226","30118","31305","33399","36253","30271","30759","31613","32898","32283","40449","31816","31995","32466","33544","34701","36730","31992.7","32197","33562","35184","34078","43664","34525","34754","36508","36263","39885","43094","37683","38803","39113","37358","37949","48428","35807","35571","38916","39745","40329.9","43708","38472","38173","38604","39661","40074","51160","39976","40091","42007","42609","45213","48266","40649.1","41214","41688","42129","43109.8","54343","42578","42601","44685","46652","47227","51810","43325","44210","46241","46459","47775","62211","47846","46127","52729","52089","53553","58249","50827","51506","52087","54201","56076","72447","55743","54979","58633","58270","61550","66592","56349","57670","58596","61309","63934","81373","63344","63656","65936","67671"
"Алтайский край","19209","19241","20048","20188","20802","22318","20918","20069","20873","20778","20821","27208.2","20302","20091","21817","21953","22504","23720","22388.8","22048","22946","22609","22955","29469","22546","23071","24156","24330","25136","26860","25774","25091","25657","25621","25960","32187","23941","24613","26150","27027","27822.4","29053","27612","27077","27708","28266","27886","37152","26917","27039","28849","28513","29936","30932","29299.7","27924","28734","30208","29647.8","38724","28821","28952","30649","32051","32299","34635","32377","30910","32415","32921","33388","43330","31789","32007","35571","34842","36612","39930","36244","37282","38979","40319","40257","53084","40048","39953","43389","42920","44399","47928","42443","43201","44648","46959","46915","60578","46470","47731","50630","51196"
"Забайкальский край","29764","29693","30516","31116","32316","36054","31150","29611","32919","32201","32710","45031","31220","31085","32973","33237","34905","37926","33056.1","32075","36085","34596","36153","45359","35272","36133","37039","37861","39618","42567","37872","35681","39949","38935","40728","55264","38652","39018","40579","41468","43640.8","46893","41402","39088","43425","43975","44399","59903","43029","41528","43830","44613","48937","48865","44608.1","42612","46498","45513","45703","68313","45328","44461","47233","47554","49676","53631","47200","44837","49748","49635","50801","72207","48883","49388","56351","57546","58838","63866","57036","54462","57413","59796","62797","84426","60492","58984","62968","66295","66857","71426","65168","62135","66158","69733","72580","103026","72880","71526","76570","79340"
"Красноярский край","35424","34666","36388","38502","40964","40200","36702","35568","36676","36988","37519","47646.8","37056","37080","38755","41472","43786","42070","38872.2","38092","39728","40134","40633","52242","40617","41566","43029","44854","48057","47409","42929","41219","42988","44287","44692","56393","45094","45260","47099","50863","52794.7","51874","47481","45365","47599","48725","48445","62846","49334","48155","50931","54785","57839","56792","51880.7","50395","51882","52545","51765.4","69474","53715","52596","56164","61576","60649","66781","57148","54861","58072","59056","59891","79810","62362","59812","77822","67793","70189","73641","71463","64734","68335","68748","69900","95611","70819","70138","76885","79971","80714","82657","81722","75027","75560","79210","79448","108011","82376","83245","98284","90150"
"Иркутская область","32684","31767","33294","33134","37463","36591","33631","33198","33829","34558","35698","42940.4","34262","33813","36820","36344","40528","39270","36119.7","35461","36386","37749","37917","45928","37960","38523","41203","40437","44734","43641","40679","39662","40552","42229","42921","50484","41803","41502","45086","44436","49531.8","48346","44130","43350","44037","45856","45892","55847","45334","44975","48670","48366","52156","52372","47657.5","47120","47593","48914","48480.4","63242","49017","48327","51501","51888","55135","59446","51690","51101","52912","55318","56272","69211","55033","54316","65295","61912","62957","66687","62783","60268","61473","64025","65937","81002","63777","64560","72362","68100","74581","76436","71231","69587","70710","74037","75872","93515","75567","76892","90343","80950"
"Кемеровская область","27669","27160","28670","28726","30339","31129","28852","29126","29196","29468","29760","37788","30129","29666","31704","31713","33701","35087","31708.4","32344","31565","32191","32060","41308","33384","34144","36218","36179","37711","39691","35989","36727","36677","37462","37857","47370","38953","38278","41342","40841","42339.4","43899","39854","40207","39994","41531","41184","51768","41526","40628","42744","40936","42992","44758","42032.4","41760","42061","42451","42716.4","55841","44437","43345","46260","46359","48052","50471","46307","47200","47747","48350","49416","62988","49871","51238","55542","53150","55966","60198","53749","55825","55539","56141","57854","74047","58415","58782","63455","60976","66329","67195","60816","64250","62559","66608","66966","87243","70449","68690","74410","74552"
"Новосибирская область","26603","27102","28715","28921","29601","31171","29066","29097","29670","29747","30611","38052.7","30165","30321","32409","32484","33417","35247","31346.4","30777","32090","32574","33371","41839","32863","33371","34534","34735","34884","37432","33850","33256","34002","34783","36048","43693","33881","34778","37194","38070","37949.6","40210","37541","36014","37224","38969","38237","49343","38063","38246","40273","39377","40148","42323","39988.2","38200","39775","40752","40045.1","55100","40612","40694","43240","44308","44640","48261","45362","43842","46392","46941","48155","64886","46330","45611","50999","50293","50354","54873","50052","49482","51832","52663","53017","68372","53274","54039","58308","58391","59932","65343","59381","58398","62021","64864","65245","83840","65350","67052","71226","70710"
"Омская область","25791","25991","27400","28162","29270","29932","27246","27505","28070","27917","28212","36202.1","26733","26669","29479","29579","30914","31308","28770.9","28345","29818","30341","30914","39179","30435","30446","33744","33033","34203","34860","31965","31305","32309","32409","32013","40256","31486","31426","35026","34617","36126.6","37085","34066","33273","34367","34834","35616","44833","34844","34295","37267","37334","37457","37939","36555.9","35203","36308","37038","36543.2","48962","36690","37143","39099","40697","41908","42334","38905","37436","39170","40330","41002","53142","40020","40140","44671","45502","45249","48429","44468","44445","45363","47568","48645","64157","46650","48982","49978","52272","55215","57771","52080","52028","52964","55278","55646","75457","55585","58432","59358","61517"
"Томская область","31746","32018","33615","35623","40124","37550","34008","34285","34447","33534","34290","44323.3","34091","34641","36167","37669","43232","40517","36727.6","37351","36840","36714","38346","48267","37858","38982","40399","40935","45680","44975","39464","38350","38643","39336","39707","50550","38787","39037","42527","43029","47590.6","48440","41461","40654","40877","42726","42354","57194","43277","42612","45517","48361","48802","52011","46722.9","45118","46780","44699","45415.8","58848","45784","45441","48055","50987","53435","56658","47993","45700","48615","48320","49349","65436","50292","48294","57747","54927","56210","60569","55700","53845","54159","55529","55903","71205","55066","54413","60115","64528","67926","70228","62928","61004","62196","64144","65095","87988","66439","68135","74403","72676"
"Дальневосточный федеральный округ","42013","41516","43878","44090","47578","48224","44748","43647","44996","45071","46077","61016.1","44329","44292","46832","47565","51464","51273","47855.3","45098","47421","47933","49488","64822","49341","49108","51684","52280","57835","56305","52847","50781","52850","52937","51416","66877","50372","50252","52933","53889","59380.9","58126","54778","52416","54536","55426","55651","74189","56346","54694","57812","57435","62988","61373","58100.2","54623","57925","58468","58199.8","80201","59196","58040","62065","63715","67813","68040","63135","59865","64315","64174","65588","90090","65392","64057","70745","71762","76172","77882","71553","68291","71784","72977","74321","102438","74493","72470","78550","78831","86044","86410","80934","77899","81284","83808","85703","116887","85990","87412","92522","92280"
"Республика Саха (Якутия)","50716","50979","57885","54556","64863","64312","52951","50225","54143","53959","56120","90981.9","53328","55502","59395","59357","68590","67493","56309.2","51826","57589","59014","61171","94353","60825","60157","64904","63709","77581","72545","61016","57252","64605","65158","65881","95887","62863","63938","70195","68985","82349.3","77482","67246","62802","69825","70063","71688","103329","70077","69148","75522","76126","81960","78149","69017.6","65392","73711","75352","75528.6","110449","73551","72514","80509","82774","90344","85437","74560","68530","75743","78782","82091","125825","81361","81260","95419","92319","101343","99816","87747","81847","92589","93445","96373","140946","93867","92512","107470","101568","120680","114926","100073","94618","103610","107493","111033","158024","108422","108958","123431","117211"
"Камчатский край","53089","52769","55189","60048","66731","61531","62826","56691","58716","62221","58402","76436.7","56970","56797","60183","66878","77043","69550","65186.5","63761","65100","67622","64025","84855","61739","62621","69777","76748","82355","71677","69386","72891","72423","69673","71553","94708","67404","67858","71698","76721","93422.9","76917","71786","81307","86470","79796","74842","101047","76944","70396","76384","75197","100637","85052","75915","78699","89188","79566","74554.4","109642","82457","76944","81293","88456","107076","92878","80685","84510","116449","96334","88379","116540","85759","83842","91019","105233","127145","127239","86651","91578","104441","98494","96096","136128","98847","94364","103115","116131","127525","111825","105457","121514","142887","121938","111626","163339","119785","112100","118607","123438"
"Приморский край","33469","32707","34792","35244","37058","38663","35807","34001","34923","35346","36413","44955","34856","34461","36218","36660","38986","39799","38031.8","35442","36909","36782","38196","49466","38358","38312","40676","40641","43384","44395","41824","39480","40566","41133","42026","54262","41711","41864","44284","44914","47581.1","47870","46708","43684","43937","45075","45372","60552","48277","46158","49476","47496","50981","49565","50598.2","46517","47510","48261","47397.3","65328","49568","48452","51187","52349","56418","56821","55063","51132","53868","54323","54662","77073","56793","54533","59190","60379","61771","64450","62652","57955","59690","62057","61693","87827","61617","61214","65558","65748","69736","72776","69707","66211","67093","70428","72141","100094","74551","75076","78851","80548"
"Хабаровский край","37081","36873","37685","38983","39779","40961","39770","41998","41414","42747","42476","53869.1","39583","39051","41693","41858","43023","44454","42678.9","39305","41355","42085","43461","54656","43157","43302","44122","45197","48744","49495","47550","45016","46521","46352","46583","57294","46214","45852","47393","48112","51917.8","51289","50313","49201","49559","50228","48887","64764","49779","49891","51595","51089","54568","54997","50705.5","47054","50416","51973","49833.8","66481","52072","52803","57140","56626","59134","63099","58958","56737","59465","58498","58830","77604","59385","56763","60395","62496","63105","66500","64037","60134","62202","65561","64590","86282","64690","64952","67965","67966","74795","75483","72138","68922","69592","73052","72883","96164","75553","75167","79417","78984"
"Амурская область","30422","30050","32365","31095","33592","34856","32023","31425","33841","32744","33029","42113.2","32740","33136","35561","35184","37522","38798","36265.7","36190","37324","38658","39636","47361","37846","38308","40591","40202","42394","42320","41071","41516","41825","42989","43156","55112","42594","42298","45158","45418","48145","48776","46519","45198","45189","48242","48057","61147","48298","47031","50195","49991","52378","52072","52225.8","50248","51135","51978","51851.6","72191","52397","52088","56966","57013","58192","59666","58707","57547","57437","59165","59772","81303","59579","57893","64584","63468","67992","67142","63731","63326","63737","63394","64544","91683","64568","61570","66981","67399","72416","74346","71158","70609","71625","74998","76876","103542","74942","74948","79083","81832"
"Магаданская область","57117","61823","61626","65484","71878","72626","66746","62399","70240","62773","82688","86508.7","60991","66749","66150","74258","79959","74064","71786.4","67694","74798","72966","90083","98211","73311","79060","79073","84660","94497","83997","83895","75896","82790","80198","101662","114299","79877","81942","82096","93977","106218.6","92504","89171","83615","86462","88042","106395","127137","87950","89756","90755","98606","110718","101248","98926.7","90145","96661","99916","127807.9","137248","97724","99781","99525","112422","118094","109259","104602","93984","97990","100123","126821","141196","93100","109110","115916","119797","123813","118894","115586","106066","109566","112280","147021","156733","107046","116241","126431","125054","134447","131123","124968","118851","124937","129655","168620","180922","122108","150358","142705","142999"
"Сахалинская область","69384","63267","63914","63773","65400","67849","65814","64849","64666","63756","63174","79337.5","72157","65057","67988","66901","70052","69271","69280.8","66616","67074","65735","66271","81689","75310","69341","71124","70910","78171","75923","74850","73389","73316","73043","73261","92819","84593","79555","81241","81263","88329.5","87577","88563","81152","82513","86966","84666","108761","94406","86473","87367","86436","95157","94449","93531.1","86833","85731","87500","85887.3","113283","96935","88150","91117","91886","95662","96658","95506","89134","88378","91095","92340","118180","104989","93445","99009","96968","105614","104537","102879","102797","101872","100144","97646","127032","121534","104417","105878","106353","113221","113298","116532","107046","105976","111100","109923","142859","119475","134069","127570","119879"
"Еврейская авт. область","29638","29545","30337","29579","33243","32305","31115","30982","31819","31479","32091","41470.2","30957","31629","33042","33862","35518","36260","33425.5","32016","34059","34915","34599","43950","35292","35792","37680","37005","39901","40316","38416","36889","38349","38440","39797","50289","38017","39054","40499","40276","43862.2","44421","42234","40323","41334","41382","41528","55367","42007","42818","44903","45120","48793","48108","47352.2","44174","46143","44949","44591","61165","44097","44074","46932","48852","51281","52402","49066","46722","49305","49490","48891","69352","48657","47761","51351","56899","56083","58329","56987","54085","54264","56397","55519","76271","55930","56571","61255","63200","65559","66637","64927","60843","62576","65917","66974","90632","66176","66928","70826","76181"
"Чукотский авт. округ","75793","84819","82439","88761","89693","86309","86460","81459","78363","77838","81207","115093.2","80093","92452","92136","94719","94997","94374","91136.5","85139","86424","87082","90166","122231","90105","93981","99784","101383","105183","99984","97955","91654","91482","94265","96930","120155","95747","104359","100392","111164","110284.4","106909","108268","98270","100107","101610","106922","137976","105133","112327","109938","119547","127088","124358","124696.7","110816","113246","120346","117833.8","168991","120214","124340","124077","141908","132727","130067","128657","119088","115588","122922","125466","180741","120769","128625","136167","148150","142466","139001","143872","131051","133231","134534","142617","193945","137636","139260","154915","160859","165540","167761","157220","141412","143216","157340","157777","218671","159668","162548","188702","185577"
